Car_ID,Brand,Model_Year,Body_Type,Fuel_Type,Transmission,Engine_L,Horsepower,Mileage_kmpl,KM_Driven,Region,City,Selling_Price_Lakh,Profit_Lakh,Units_Sold
CAR10001,Honda,2025,Coupe,Hybrid,Automatic,3.8,223,28.7,121267,Central,Ahmedabad,25.84,2.46,6
CAR10002,Maruti Suzuki,2017,SUV,Petrol,Manual,3.8,221,17.2,152248,East,Jaipur,9.83,2.32,5
CAR10003,Tata,2020,Pickup,Electric,Automatic,1.7,99,35.0,34603,North,Mumbai,14.72,2.17,8
CAR10004,Hyundai,2021,SUV,Petrol,Manual,1.0,112,25.7,97854,Central,Bengaluru,13.57,3.03,6
CAR10005,Hyundai,2024,Hatchback,Diesel,Manual,2.1,110,22.0,170292,Central,Delhi,11.53,1.52,10
CAR10006,Nissan,2018,Convertible,Petrol,Automatic,1.5,82,26.5,143045,South,Kolkata,19.42,3.6,8
CAR10007,Honda,2021,SUV,Diesel,Automatic,2.5,137,16.3,75537,East,Kolkata,18.19,1.99,5
CAR10008,Mahindra,2018,Hatchback,Petrol,CVT,4.9,316,17.3,167112,North,Delhi,9.4,1.03,3
CAR10009,BMW,2024,Hatchback,Petrol,AMT,1.6,92,25.9,59689,Central,Pune,49.04,9.06,4
CAR10010,Honda,2023,SUV,Diesel,CVT,2.1,167,20.9,9088,West,Delhi,24.56,2.91,1
CAR10011,Kia,2021,Hatchback,Petrol,AMT,3.8,210,25.4,144400,North,Ahmedabad,11.13,1.53,2
CAR10012,Jeep,2020,Sedan,Petrol,AMT,2.9,162,21.3,77117,West,Ahmedabad,21.79,3.84,6
CAR10013,Maruti Suzuki,2018,Hatchback,CNG,Manual,1.0,17,31.9,11003,East,Jaipur,3.89,0.73,1
CAR10014,Maruti Suzuki,2026,SUV,Petrol,Automatic,1.5,54,24.6,40721,East,Mumbai,12.7,2.65,6
CAR10015,Mahindra,2023,Sedan,Diesel,Manual,4.7,290,18.5,17594,South,Jaipur,17.9,4.13,1
CAR10016,Maruti Suzuki,2020,SUV,Diesel,Manual,1.2,93,31.0,179434,Central,Hyderabad,10.85,1.76,2
CAR10017,Kia,2021,Sedan,Petrol,Manual,3.5,198,29.0,153348,East,Jaipur,10.81,1.72,8
CAR10018,Honda,2024,Hatchback,Diesel,CVT,4.1,194,22.4,167674,Central,Pune,13.14,2.28,1
CAR10019,Nissan,2024,SUV,Petrol,AMT,1.9,107,28.7,36853,North,Pune,15.6,1.52,4
CAR10020,Hyundai,2021,Sedan,Hybrid,DCT,3.8,236,33.0,145382,East,Delhi,15.86,3.77,3
CAR10021,Kia,2020,SUV,Petrol,DCT,1.5,151,27.1,103653,South,Pune,14.93,1.68,1
CAR10022,Audi,2023,Hatchback,Petrol,CVT,2.0,94,29.9,56778,Central,Kolkata,40.16,4.81,3
CAR10023,Ford,2023,Hatchback,Petrol,Manual,2.1,132,27.3,122053,East,Jaipur,13.57,1.71,2
CAR10024,Skoda,2022,Sedan,CNG,CVT,5.0,280,23.4,171617,West,Pune,15.94,2.57,1
CAR10025,Maruti Suzuki,2017,SUV,Electric,CVT,1.7,115,35.0,85590,North,Delhi,10.11,2.14,8
CAR10026,Tata,2021,Sedan,CNG,CVT,1.3,118,26.4,10118,West,Jaipur,9.79,1.08,2
CAR10027,Hyundai,2023,Coupe,Hybrid,Manual,4.7,282,26.6,152424,North,Delhi,28.23,3.62,11
CAR10028,Nissan,2026,Sedan,Hybrid,Manual,1.5,114,28.8,37906,South,Bengaluru,18.47,2.13,6
CAR10029,Volkswagen,2022,SUV,Diesel,DCT,4.5,282,14.3,36949,South,Bengaluru,26.3,5.38,5
CAR10030,Hyundai,2020,SUV,CNG,Manual,3.5,217,27.2,112952,North,Indore,13.47,2.11,10
CAR10031,Hyundai,2022,Hatchback,Diesel,Automatic,3.2,210,19.0,144811,East,Mumbai,12.41,2.2,9
CAR10032,BMW,2018,SUV,Petrol,Automatic,4.0,252,20.4,143776,South,Jaipur,50.47,7.27,5
CAR10033,Honda,2017,Sedan,Diesel,Manual,3.8,207,21.3,156892,East,Bengaluru,16.74,2.13,11
CAR10034,Volkswagen,2023,SUV,Diesel,Manual,1.3,131,27.4,159635,West,Pune,27.04,5.79,6
CAR10035,Skoda,2026,Hatchback,Petrol,DCT,5.0,306,15.3,27452,North,Delhi,15.99,3.42,8
CAR10036,Toyota,2025,MUV,Petrol,CVT,4.8,294,21.2,57589,West,Chennai,25.73,6.01,11
CAR10037,Nissan,2022,Pickup,Petrol,CVT,4.6,156,18.7,131022,South,Pune,14.34,3.1,8
CAR10038,Nissan,2017,Hatchback,Electric,Manual,3.4,198,35.0,73390,South,Ahmedabad,10.68,2.18,7
CAR10039,Mercedes-Benz,2026,SUV,Petrol,Manual,3.0,195,19.2,130297,East,Jaipur,86.28,19.77,7
CAR10040,Tata,2021,MUV,Electric,Automatic,3.1,170,34.0,84594,West,Jaipur,15.43,2.88,8
CAR10041,Ford,2019,Sedan,Diesel,Automatic,0.9,65,31.1,83995,West,Hyderabad,15.38,2.13,11
CAR10042,Maruti Suzuki,2025,MUV,Hybrid,Manual,2.9,166,33.0,9720,North,Chennai,14.35,1.74,8
CAR10043,Mahindra,2024,SUV,Petrol,AMT,3.4,229,19.4,111457,East,Bengaluru,21.46,4.04,4
CAR10044,Audi,2024,Pickup,CNG,DCT,3.6,191,24.7,156194,South,Indore,56.43,12.83,1
CAR10045,Honda,2019,Pickup,Diesel,Automatic,2.2,158,21.8,148267,South,Pune,13.28,1.67,9
CAR10046,Jeep,2026,Hatchback,Petrol,Automatic,2.8,173,21.3,64140,Central,Indore,22.27,4.04,6
CAR10047,Hyundai,2021,SUV,Petrol,Automatic,3.5,231,17.4,123429,North,Kolkata,14.69,2.97,5
CAR10048,Skoda,2022,SUV,Petrol,Manual,2.6,180,23.3,39873,East,Kolkata,19.74,3.34,11
CAR10049,Mahindra,2024,Hatchback,Petrol,Manual,4.8,293,20.4,115870,East,Jaipur,12.32,1.16,2
CAR10050,Maruti Suzuki,2023,Sedan,Hybrid,Automatic,3.8,235,25.5,76609,South,Ahmedabad,11.39,2.1,1
CAR10051,Maruti Suzuki,2018,Pickup,CNG,Automatic,0.8,41,32.8,167172,West,Bengaluru,5.69,0.55,9
CAR10052,Ford,2020,Hatchback,Hybrid,Automatic,0.9,74,34.2,129348,East,Hyderabad,12.35,2.5,11
CAR10053,Audi,2020,SUV,Diesel,CVT,3.7,233,24.3,17829,West,Bengaluru,51.95,11.65,10
CAR10054,Kia,2026,Coupe,Diesel,Manual,2.5,220,22.2,157410,South,Ahmedabad,27.28,5.9,10
CAR10055,Kia,2024,Sedan,Electric,Manual,4.3,264,30.0,131725,Central,Delhi,23.49,2.91,10
CAR10056,Toyota,2020,SUV,Electric,Manual,1.5,92,35.0,42690,West,Jaipur,20.07,3.2,8
CAR10057,Volkswagen,2024,Pickup,Petrol,Manual,0.9,108,24.4,54446,South,Indore,21.16,3.23,11
CAR10058,Ford,2024,SUV,CNG,Automatic,2.4,104,30.8,35207,Central,Delhi,20.15,1.91,4
CAR10059,Maruti Suzuki,2020,Hatchback,Petrol,CVT,3.9,230,20.2,59284,Central,Pune,6.13,1.01,9
CAR10060,Mahindra,2021,Hatchback,Electric,CVT,4.9,252,30.4,170162,East,Delhi,10.16,2.26,2
CAR10061,Skoda,2025,Pickup,CNG,Automatic,4.5,295,28.0,162889,North,Chennai,18.87,2.5,6
CAR10062,Maruti Suzuki,2022,Sedan,Hybrid,Automatic,2.8,160,34.3,101406,East,Chennai,9.83,2.05,4
CAR10063,Audi,2018,SUV,Petrol,Manual,4.2,236,15.0,68385,West,Hyderabad,68.8,10.51,11
CAR10064,Jeep,2024,Hatchback,Diesel,Automatic,1.1,54,29.3,69010,South,Indore,18.6,2.08,5
CAR10065,Hyundai,2022,SUV,Petrol,Automatic,3.2,183,23.0,172466,North,Kolkata,13.4,2.26,3
CAR10066,Mercedes-Benz,2022,Pickup,Electric,CVT,4.7,251,29.3,39880,East,Chennai,101.39,19.55,7
CAR10067,Skoda,2024,SUV,Petrol,Automatic,2.5,154,25.0,137565,Central,Delhi,18.74,2.88,1
CAR10068,Audi,2026,Pickup,Hybrid,Manual,4.8,245,20.3,179168,South,Jaipur,91.5,20.22,2
CAR10069,Honda,2020,Sedan,CNG,Manual,1.7,100,35.0,154675,East,Chennai,10.83,2.1,5
CAR10070,Kia,2021,SUV,Petrol,Manual,1.2,101,28.7,130857,North,Kolkata,15.55,2.56,7
CAR10071,Maruti Suzuki,2018,Coupe,Petrol,CVT,3.0,175,20.2,162466,West,Delhi,10.54,2.13,7
CAR10072,Ford,2023,SUV,Diesel,Manual,4.6,237,17.2,43129,Central,Bengaluru,25.91,6.07,1
CAR10073,Hyundai,2021,Sedan,Petrol,Manual,2.1,123,19.9,177154,West,Hyderabad,14.51,2.21,8
CAR10074,Honda,2020,Coupe,Petrol,Manual,4.2,279,19.0,20970,East,Indore,19.53,3.51,1
CAR10075,Mahindra,2023,Sedan,Petrol,CVT,1.5,101,25.0,7421,North,Chennai,12.69,2.3,9
CAR10076,Kia,2021,SUV,Petrol,Automatic,3.9,253,16.7,39874,East,Hyderabad,18.7,1.69,1
CAR10077,Mercedes-Benz,2021,Pickup,Diesel,Automatic,3.1,210,24.9,111562,Central,Jaipur,87.79,19.6,1
CAR10078,BMW,2021,Hatchback,Diesel,Automatic,1.5,107,30.2,48354,North,Chennai,33.02,7.16,6
CAR10079,Volkswagen,2019,Sedan,Petrol,Manual,3.8,276,20.8,115864,South,Bengaluru,16.74,1.82,9
CAR10080,Mahindra,2018,Hatchback,Diesel,CVT,3.8,287,20.0,24439,Central,Delhi,10.25,2.26,9
CAR10081,Jeep,2025,Sedan,Petrol,Manual,3.0,121,24.1,126987,East,Indore,19.8,2.03,7
CAR10082,Hyundai,2017,Sedan,Petrol,Manual,1.7,39,25.9,45188,North,Mumbai,8.02,1.12,2
CAR10083,Ford,2020,SUV,Hybrid,Automatic,1.4,102,30.4,96606,North,Bengaluru,19.97,3.21,11
CAR10084,Nissan,2023,Hatchback,Petrol,Manual,4.8,277,16.5,25436,East,Mumbai,10.84,2.15,1
CAR10085,Tata,2018,SUV,Diesel,Manual,3.6,221,20.5,174792,East,Ahmedabad,15.21,2.83,4
CAR10086,Mahindra,2023,Sedan,CNG,CVT,4.2,249,25.7,71103,Central,Chennai,14.14,1.64,9
CAR10087,Honda,2024,Sedan,Diesel,Automatic,3.7,197,21.1,110825,Central,Ahmedabad,20.22,4.68,7
CAR10088,Mercedes-Benz,2023,Sedan,Diesel,Manual,4.3,219,20.3,90084,East,Pune,75.07,9.36,9
CAR10089,Maruti Suzuki,2020,SUV,Petrol,Automatic,1.5,94,21.8,109177,East,Delhi,8.08,0.94,9
CAR10090,Nissan,2017,SUV,Petrol,AMT,2.9,179,25.0,84674,Central,Chennai,13.59,1.82,11
CAR10091,Hyundai,2025,Sedan,Petrol,Manual,3.6,219,21.4,17802,West,Delhi,15.47,3.59,6
CAR10092,Nissan,2020,Coupe,Hybrid,Manual,1.2,89,35.0,150111,South,Delhi,22.89,2.94,10
CAR10093,Nissan,2025,SUV,Electric,Automatic,1.4,95,35.0,117432,West,Kolkata,22.89,3.01,2
CAR10094,Audi,2018,Sedan,Petrol,Automatic,3.5,207,22.6,49449,West,Bengaluru,44.06,10.49,2
CAR10095,Skoda,2018,Pickup,Petrol,DCT,4.4,237,27.9,19705,South,Delhi,16.8,1.78,1
CAR10096,Mercedes-Benz,2024,Sedan,Petrol,Automatic,3.6,226,21.9,160241,Central,Kolkata,76.77,16.9,3
CAR10097,BMW,2026,Hatchback,Diesel,Manual,1.0,32,27.4,63195,South,Kolkata,53.66,5.15,2
CAR10098,Mahindra,2025,SUV,Diesel,Automatic,4.9,266,15.3,163921,East,Indore,19.92,4.57,10
CAR10099,Tata,2024,Hatchback,Hybrid,Automatic,1.4,85,35.0,139027,East,Pune,9.38,1.92,6
CAR10100,Ford,2019,Sedan,CNG,Manual,1.8,109,27.2,172964,West,Chennai,14.0,1.91,5
CAR10101,Nissan,2026,MUV,Petrol,Automatic,4.9,248,19.5,120482,Central,Kolkata,18.52,4.06,8
CAR10102,Ford,2023,Hatchback,Hybrid,Manual,4.0,254,26.0,36672,South,Delhi,15.35,3.26,4
CAR10103,Nissan,2018,Coupe,Diesel,CVT,4.7,342,18.2,11200,South,Chennai,19.91,4.75,7
CAR10104,Toyota,2018,Pickup,Petrol,CVT,4.2,215,15.6,48006,West,Hyderabad,14.34,1.66,1
CAR10105,Maruti Suzuki,2025,SUV,CNG,Automatic,3.5,255,30.6,81871,Central,Delhi,12.9,3.02,8
CAR10106,Maruti Suzuki,2019,SUV,Petrol,DCT,2.0,75,24.4,114170,Central,Indore,9.14,1.33,10
CAR10107,Maruti Suzuki,2024,SUV,Hybrid,DCT,2.2,173,28.1,161779,West,Hyderabad,14.75,2.25,1
CAR10108,Tata,2018,Pickup,Hybrid,Manual,4.8,243,29.2,29656,West,Ahmedabad,14.28,2.33,1
CAR10109,Kia,2019,Sedan,CNG,Automatic,4.4,266,22.9,116117,West,Bengaluru,12.71,2.34,2
CAR10110,Mahindra,2019,Hatchback,Diesel,Automatic,2.3,102,25.5,19983,Central,Jaipur,8.63,1.68,7
CAR10111,Mercedes-Benz,2019,SUV,Petrol,Manual,2.4,155,26.8,89253,North,Chennai,77.34,7.46,9
CAR10112,Maruti Suzuki,2023,SUV,Electric,Automatic,2.1,120,35.0,17897,East,Indore,13.39,1.64,10
CAR10113,Volkswagen,2026,Hatchback,Electric,Manual,2.2,116,30.1,70430,North,Hyderabad,17.27,1.75,9
CAR10114,Hyundai,2026,SUV,Diesel,DCT,4.4,313,21.5,111076,East,Pune,23.32,3.03,7
CAR10115,Kia,2024,Hatchback,Hybrid,Automatic,0.8,41,34.8,134313,South,Bengaluru,12.17,1.41,8
CAR10116,Volkswagen,2019,Pickup,Petrol,AMT,2.6,196,22.8,145818,South,Indore,16.66,1.59,4
CAR10117,Toyota,2026,Sedan,Diesel,Automatic,4.8,254,18.2,96788,Central,Mumbai,18.46,3.17,9
CAR10118,Ford,2022,Hatchback,Electric,Manual,3.1,208,29.7,50304,West,Delhi,18.73,1.95,3
CAR10119,BMW,2022,Hatchback,Petrol,CVT,2.7,108,24.1,164777,East,Kolkata,37.71,8.81,11
CAR10120,Honda,2024,Sedan,Diesel,Manual,2.1,108,20.9,168368,Central,Jaipur,19.4,4.34,1
CAR10121,Hyundai,2024,Sedan,CNG,Manual,1.1,47,31.5,174325,North,Indore,11.35,1.89,11
CAR10122,Mahindra,2026,Hatchback,Electric,Automatic,1.7,132,35.0,143588,West,Jaipur,14.2,2.44,6
CAR10123,Tata,2022,Sedan,CNG,AMT,1.2,71,35.0,141129,North,Hyderabad,10.07,1.75,8
CAR10124,Kia,2023,Hatchback,Petrol,Automatic,1.3,19,24.4,18555,South,Indore,12.42,1.98,2
CAR10125,Nissan,2024,Sedan,CNG,Manual,1.5,50,35.0,105198,North,Kolkata,9.77,1.56,4
CAR10126,Volkswagen,2019,Sedan,Petrol,Manual,2.1,90,27.8,76278,East,Kolkata,15.57,1.7,10
CAR10127,Honda,2020,Sedan,Diesel,Manual,0.8,67,26.8,50318,West,Mumbai,13.46,2.53,1
CAR10128,Maruti Suzuki,2023,Sedan,Diesel,Manual,4.8,284,15.2,16902,West,Ahmedabad,10.24,1.97,3
CAR10129,Volkswagen,2017,Hatchback,Electric,Automatic,1.3,64,34.5,42331,East,Chennai,12.44,1.68,7
CAR10130,Tata,2020,Hatchback,CNG,Manual,2.4,118,30.1,165158,Central,Mumbai,7.06,1.01,9
CAR10131,Volkswagen,2024,Sedan,Hybrid,Manual,4.5,265,24.0,164018,South,Chennai,22.63,2.61,5
CAR10132,Volkswagen,2026,MUV,Diesel,Automatic,1.2,38,30.7,134990,North,Pune,21.6,4.18,1
CAR10133,Honda,2022,Pickup,Diesel,AMT,2.8,165,21.2,22774,North,Bengaluru,15.4,3.68,2
CAR10134,Volkswagen,2020,Pickup,Diesel,Manual,4.3,246,17.0,125145,North,Chennai,21.6,2.13,10
CAR10135,Maruti Suzuki,2021,SUV,Diesel,Automatic,3.1,189,23.3,27188,East,Chennai,11.71,2.73,3
CAR10136,Mercedes-Benz,2023,SUV,Petrol,Manual,1.7,128,23.9,124472,East,Hyderabad,74.37,10.26,7
CAR10137,Tata,2022,Sedan,Diesel,DCT,3.9,217,20.7,10893,Central,Ahmedabad,15.9,3.05,11
CAR10138,Toyota,2017,MUV,Electric,Manual,3.7,216,35.0,54906,North,Pune,23.01,4.06,5
CAR10139,Audi,2022,MUV,Hybrid,Manual,2.3,93,31.8,26439,South,Mumbai,68.08,7.78,1
CAR10140,Hyundai,2021,Coupe,Electric,Automatic,1.0,105,35.0,168369,Central,Chennai,21.28,3.77,9
CAR10141,Jeep,2024,Pickup,Petrol,Manual,0.8,70,28.7,104533,North,Pune,25.2,5.5,9
CAR10142,BMW,2025,SUV,Diesel,Manual,4.3,270,14.6,166485,East,Bengaluru,92.93,11.79,8
CAR10143,Mercedes-Benz,2026,MUV,Petrol,Manual,2.2,136,25.9,8552,North,Delhi,99.61,23.6,10
CAR10144,Hyundai,2023,Coupe,Petrol,Automatic,1.4,109,27.1,134410,East,Chennai,19.04,3.78,9
CAR10145,Jeep,2020,Sedan,Diesel,Automatic,3.0,187,25.5,88975,Central,Pune,20.8,3.31,8
CAR10146,Nissan,2021,Pickup,Petrol,Automatic,4.7,260,20.5,87062,South,Pune,16.21,2.83,4
CAR10147,Toyota,2018,Hatchback,Petrol,AMT,0.8,15,27.5,157820,South,Mumbai,11.28,1.66,1
CAR10148,BMW,2026,Pickup,Hybrid,Automatic,1.0,76,35.0,13245,East,Pune,87.17,15.93,8
CAR10149,Nissan,2025,MUV,Diesel,CVT,2.6,102,22.9,170230,West,Mumbai,16.96,3.08,10
CAR10150,Toyota,2025,Hatchback,Petrol,AMT,3.6,205,22.1,9954,Central,Ahmedabad,14.37,2.7,8
CAR10151,Nissan,2020,SUV,Petrol,CVT,2.8,169,22.3,68487,North,Hyderabad,18.2,1.95,8
CAR10152,Mercedes-Benz,2020,Hatchback,Diesel,AMT,4.6,242,20.3,29173,East,Mumbai,45.92,10.9,8
CAR10153,Skoda,2025,MUV,Diesel,Automatic,1.0,59,26.5,96549,West,Chennai,19.57,1.94,4
CAR10154,Mercedes-Benz,2022,MUV,Diesel,Manual,2.2,103,29.7,109258,North,Jaipur,72.57,13.52,2
CAR10155,Hyundai,2024,SUV,Diesel,Automatic,2.3,164,30.5,117361,Central,Kolkata,16.45,3.05,7
CAR10156,Tata,2021,Coupe,Petrol,Manual,2.2,157,27.3,144667,South,Pune,17.43,2.29,11
CAR10157,Honda,2021,Hatchback,CNG,Automatic,2.8,139,32.9,136419,East,Ahmedabad,11.19,2.03,2
CAR10158,Volkswagen,2023,Sedan,Petrol,Manual,4.1,259,15.5,170981,Central,Delhi,18.31,2.7,1
CAR10159,Kia,2025,Sedan,Diesel,Manual,2.1,121,20.7,83681,West,Indore,16.55,1.73,8
CAR10160,Maruti Suzuki,2020,Hatchback,Petrol,DCT,3.9,230,19.7,35688,Central,Chennai,6.51,0.74,5
CAR10161,Jeep,2025,SUV,Diesel,AMT,1.4,137,26.8,32245,West,Ahmedabad,29.69,4.83,10
CAR10162,Tata,2019,Sedan,Petrol,Automatic,3.2,211,21.7,53217,South,Kolkata,12.8,1.7,6
CAR10163,Hyundai,2021,Sedan,Electric,Automatic,2.4,146,31.3,110511,West,Hyderabad,17.01,3.08,6
CAR10164,Hyundai,2026,SUV,Petrol,Automatic,3.1,188,26.0,14467,West,Chennai,17.62,2.18,1
CAR10165,Hyundai,2026,Convertible,Diesel,CVT,1.3,36,33.3,172095,South,Jaipur,19.98,4.29,11
CAR10166,Nissan,2026,Sedan,Petrol,Automatic,4.8,269,22.3,178083,North,Mumbai,14.93,3.48,4
CAR10167,Mercedes-Benz,2020,Pickup,Petrol,Automatic,4.6,280,22.2,33841,West,Jaipur,70.49,11.2,5
CAR10168,Ford,2025,SUV,Petrol,Automatic,4.3,270,20.4,141660,East,Bengaluru,22.8,4.74,7
CAR10169,Audi,2026,Sedan,Diesel,Automatic,4.5,161,16.7,109350,West,Jaipur,59.09,7.72,10
CAR10170,Toyota,2026,SUV,Diesel,AMT,1.4,124,26.9,89124,North,Delhi,24.0,5.4,9
CAR10171,Honda,2017,Sedan,CNG,DCT,2.9,183,34.4,133559,East,Delhi,9.95,2.38,9
CAR10172,Honda,2024,Sedan,Hybrid,Automatic,2.1,108,30.9,105723,Central,Delhi,23.31,3.23,2
CAR10173,Maruti Suzuki,2026,SUV,CNG,Automatic,4.5,297,22.8,61644,Central,Hyderabad,11.88,1.96,1
CAR10174,Mahindra,2024,Hatchback,Petrol,Automatic,1.6,104,29.5,103380,Central,Bengaluru,10.31,1.0,10
CAR10175,Mahindra,2019,Sedan,Electric,Automatic,1.7,76,35.0,28758,South,Hyderabad,13.88,2.82,11
CAR10176,Hyundai,2024,SUV,Diesel,DCT,3.7,260,18.6,49513,North,Jaipur,15.23,3.37,7
CAR10177,Mahindra,2018,Sedan,Diesel,AMT,1.2,34,26.3,175269,East,Delhi,11.03,2.61,11
CAR10178,Ford,2021,Coupe,CNG,Automatic,3.9,248,24.1,37443,East,Hyderabad,20.59,3.57,4
CAR10179,Skoda,2023,Sedan,Hybrid,Automatic,1.9,101,32.6,109688,South,Ahmedabad,19.59,4.41,4
CAR10180,Kia,2021,Pickup,CNG,Automatic,3.6,177,29.7,56970,North,Kolkata,15.57,1.93,2
CAR10181,Jeep,2023,MUV,Hybrid,Manual,4.5,255,23.8,86335,North,Indore,37.79,8.66,9
CAR10182,Ford,2019,Pickup,Petrol,Automatic,3.4,220,25.1,48251,South,Pune,18.28,1.86,8
CAR10183,Kia,2023,Coupe,Hybrid,CVT,1.7,160,33.2,104536,West,Delhi,27.79,4.42,3
CAR10184,Mahindra,2023,Hatchback,Diesel,Automatic,1.0,73,34.6,102567,North,Hyderabad,11.08,1.5,11
CAR10185,Kia,2023,SUV,CNG,Manual,1.0,38,33.6,113084,North,Chennai,17.19,3.79,1
CAR10186,Hyundai,2019,Hatchback,Electric,AMT,1.2,33,35.0,58935,South,Mumbai,10.92,2.47,9
CAR10187,Ford,2020,Coupe,Petrol,AMT,3.2,215,24.0,106301,Central,Indore,17.59,3.29,3
CAR10188,Audi,2019,SUV,Petrol,Manual,2.3,151,23.5,132565,Central,Bengaluru,54.36,8.8,9
CAR10189,BMW,2021,Sedan,Petrol,Automatic,1.8,87,20.3,130990,East,Delhi,46.9,7.21,6
CAR10190,Mercedes-Benz,2022,Pickup,Diesel,Automatic,1.7,141,25.2,104389,North,Bengaluru,78.36,14.93,3
CAR10191,Mahindra,2020,Hatchback,Petrol,CVT,4.8,267,17.7,57351,North,Jaipur,9.4,1.87,1
CAR10192,Tata,2021,SUV,Hybrid,Manual,1.3,110,29.1,98146,Central,Hyderabad,16.87,1.57,7
CAR10193,Tata,2019,MUV,Diesel,Manual,2.1,140,24.7,98967,East,Jaipur,13.82,2.75,2
CAR10194,Audi,2019,Hatchback,Electric,Automatic,2.8,155,29.1,171476,North,Kolkata,51.61,11.32,5
CAR10195,Jeep,2023,SUV,Petrol,Manual,0.8,134,27.0,70981,Central,Mumbai,33.78,6.29,11
CAR10196,Honda,2025,Coupe,Diesel,Automatic,4.7,270,19.5,61421,East,Chennai,23.37,4.54,10
CAR10197,Audi,2019,Hatchback,Petrol,AMT,1.2,51,27.4,136229,South,Mumbai,28.46,5.03,6
CAR10198,Honda,2025,SUV,CNG,Manual,3.7,205,24.9,116172,East,Hyderabad,25.16,3.68,9
CAR10199,Audi,2022,Sedan,Petrol,Automatic,3.4,226,21.6,79742,South,Bengaluru,61.24,9.16,10
CAR10200,Jeep,2018,SUV,Petrol,DCT,4.2,276,17.6,5008,Central,Indore,27.12,3.67,7
CAR10201,Audi,2020,Hatchback,Petrol,Automatic,3.5,179,21.6,128359,West,Chennai,38.02,8.23,3
CAR10202,Skoda,2017,Pickup,Electric,Automatic,4.0,198,32.6,133961,North,Chennai,18.63,4.34,9
CAR10203,Kia,2017,Pickup,Petrol,Automatic,2.6,178,21.1,167808,West,Indore,11.29,1.37,1
CAR10204,Mahindra,2020,Hatchback,Diesel,Manual,2.9,169,23.8,92945,North,Hyderabad,9.03,1.87,6
CAR10205,Hyundai,2021,Sedan,Hybrid,Manual,3.7,239,28.9,95144,East,Mumbai,15.14,2.92,9
CAR10206,BMW,2024,SUV,Hybrid,Automatic,3.2,199,28.8,41467,West,Kolkata,79.18,13.59,7
CAR10207,Maruti Suzuki,2018,SUV,Petrol,Automatic,2.9,197,30.3,85442,North,Bengaluru,8.53,1.13,4
CAR10208,Jeep,2025,SUV,Petrol,Manual,1.7,126,25.5,5264,West,Ahmedabad,36.47,7.86,5
CAR10209,BMW,2019,Hatchback,Diesel,Manual,1.9,89,24.6,92626,South,Hyderabad,34.8,3.64,6
CAR10210,Maruti Suzuki,2018,Hatchback,Petrol,CVT,2.3,123,23.2,128715,West,Ahmedabad,5.58,1.07,9
CAR10211,BMW,2023,Pickup,Hybrid,Manual,0.8,14,32.2,142533,East,Indore,66.94,6.2,11
CAR10212,Mahindra,2024,SUV,Petrol,AMT,2.6,180,25.8,120972,North,Ahmedabad,17.59,3.47,9
CAR10213,Maruti Suzuki,2023,Convertible,Diesel,Automatic,0.8,63,26.0,145945,West,Chennai,14.29,1.87,4
CAR10214,Hyundai,2018,SUV,Petrol,Automatic,3.2,226,20.6,121446,South,Bengaluru,16.08,2.95,2
CAR10215,Maruti Suzuki,2018,Pickup,Diesel,Manual,3.8,226,19.3,141472,Central,Hyderabad,10.4,1.19,6
CAR10216,Mercedes-Benz,2020,Hatchback,Petrol,Manual,3.2,173,19.4,81554,Central,Kolkata,38.46,6.56,10
CAR10217,Honda,2021,Hatchback,Hybrid,Automatic,3.7,242,22.9,110382,North,Chennai,14.62,1.6,7
CAR10218,Honda,2026,Pickup,Petrol,AMT,0.8,66,26.7,116877,West,Jaipur,19.4,2.46,4
CAR10219,Hyundai,2019,Pickup,CNG,Manual,1.0,90,35.0,105196,South,Indore,11.41,1.74,1
CAR10220,Skoda,2018,Sedan,Hybrid,Automatic,3.7,240,28.7,104983,West,Chennai,19.74,4.0,3
CAR10221,Honda,2026,Sedan,Petrol,Automatic,4.2,228,24.6,141825,East,Pune,18.91,3.8,8
CAR10222,Hyundai,2018,SUV,Petrol,Manual,3.8,244,23.1,46806,South,Indore,15.51,1.42,8
CAR10223,Mahindra,2017,Sedan,Petrol,Automatic,3.6,217,22.9,60452,West,Delhi,12.83,1.3,5
CAR10224,BMW,2021,Hatchback,Petrol,Manual,3.8,180,26.5,95784,South,Chennai,41.44,9.09,4
CAR10225,Mahindra,2021,Pickup,Petrol,Automatic,3.9,186,20.3,117944,Central,Ahmedabad,11.69,2.45,2
CAR10226,Mercedes-Benz,2023,Sedan,CNG,Manual,3.8,177,26.1,95053,Central,Kolkata,72.06,16.14,11
CAR10227,Nissan,2025,SUV,Diesel,Automatic,3.9,237,20.6,39895,North,Ahmedabad,21.89,4.59,5
CAR10228,Volkswagen,2026,Hatchback,Petrol,Manual,1.1,52,32.0,149134,West,Kolkata,12.32,2.42,9
CAR10229,Volkswagen,2019,Hatchback,Diesel,Automatic,1.1,25,27.4,100517,Central,Delhi,11.79,1.35,6
CAR10230,Ford,2026,SUV,Petrol,Automatic,2.3,155,22.5,80860,North,Kolkata,24.45,5.52,7
CAR10231,Hyundai,2023,Sedan,CNG,CVT,3.0,163,29.6,158662,West,Kolkata,12.49,1.34,8
CAR10232,Nissan,2017,SUV,Petrol,Automatic,4.0,275,18.0,81314,Central,Jaipur,14.2,1.34,4
CAR10233,Toyota,2026,Hatchback,Hybrid,CVT,2.2,171,33.3,33263,South,Mumbai,18.27,3.61,11
CAR10234,Maruti Suzuki,2018,Pickup,Electric,Manual,2.0,121,35.0,177270,East,Mumbai,11.92,2.05,6
CAR10235,Kia,2022,MUV,Petrol,Automatic,4.1,208,19.6,71958,West,Mumbai,17.0,2.73,9
CAR10236,Mahindra,2024,Convertible,Petrol,Manual,1.8,115,27.4,161531,South,Hyderabad,23.2,4.85,11
CAR10237,Tata,2019,Hatchback,Petrol,Automatic,4.2,231,15.5,95449,South,Indore,7.68,1.0,5
CAR10238,Hyundai,2019,Sedan,Electric,Automatic,1.5,76,35.0,47400,South,Pune,14.25,2.18,3
CAR10239,Mercedes-Benz,2021,Sedan,Diesel,CVT,2.3,105,23.1,70897,South,Jaipur,48.57,10.84,11
CAR10240,Tata,2025,SUV,Hybrid,Automatic,2.5,151,35.0,164301,West,Jaipur,21.23,2.24,9
CAR10241,Ford,2019,Sedan,Electric,Automatic,2.1,111,35.0,170319,South,Pune,18.06,3.52,9
CAR10242,Volkswagen,2023,Hatchback,Electric,Manual,0.8,64,35.0,29144,South,Pune,16.06,3.48,11
CAR10243,Honda,2021,Sedan,Diesel,Manual,1.8,112,21.5,177745,Central,Bengaluru,14.25,1.32,1
CAR10244,Tata,2018,Sedan,Diesel,AMT,2.2,167,28.6,154343,East,Indore,10.3,2.31,11
CAR10245,Tata,2024,Sedan,Hybrid,Manual,2.1,132,30.9,118349,Central,Ahmedabad,13.79,3.19,2
CAR10246,Honda,2025,Hatchback,Petrol,Manual,4.1,236,17.8,37081,West,Jaipur,13.15,2.69,2
CAR10247,Maruti Suzuki,2022,Sedan,Electric,DCT,1.0,47,35.0,107646,Central,Indore,8.13,1.56,3
CAR10248,Hyundai,2018,SUV,Petrol,DCT,2.4,131,26.2,79480,North,Chennai,13.74,2.4,2
CAR10249,Maruti Suzuki,2018,Sedan,Petrol,Automatic,1.0,41,29.5,26785,Central,Mumbai,6.01,0.82,1
CAR10250,Toyota,2021,Sedan,Electric,Automatic,4.7,241,30.8,177186,Central,Jaipur,20.98,3.88,2
CAR10251,Ford,2022,SUV,Petrol,CVT,4.1,186,20.6,110596,North,Kolkata,15.63,2.44,6
CAR10252,Kia,2022,MUV,Petrol,Manual,4.9,244,18.9,21983,South,Indore,20.41,4.88,5
CAR10253,Ford,2019,Sedan,Petrol,Automatic,4.6,293,20.0,64800,East,Pune,16.15,2.94,4
CAR10254,Mercedes-Benz,2022,SUV,Diesel,Automatic,2.1,150,26.2,151962,East,Bengaluru,95.16,9.35,2
CAR10255,Tata,2019,Pickup,Electric,CVT,3.7,194,35.0,82387,West,Chennai,18.16,2.25,11
CAR10256,Ford,2023,SUV,Petrol,CVT,2.1,150,25.1,91578,West,Pune,19.22,2.48,4
CAR10257,Mahindra,2024,Pickup,Petrol,Automatic,4.5,199,16.7,29932,South,Chennai,17.54,3.41,6
CAR10258,Honda,2023,MUV,Diesel,Manual,2.5,145,23.6,24423,West,Bengaluru,19.9,3.32,2
CAR10259,Ford,2017,Hatchback,CNG,Automatic,2.4,164,31.5,176136,Central,Bengaluru,9.71,1.1,3
CAR10260,Volkswagen,2026,SUV,Petrol,Manual,4.6,275,13.6,171685,East,Pune,31.48,3.4,3
CAR10261,Maruti Suzuki,2017,SUV,CNG,CVT,4.3,217,19.3,21679,Central,Delhi,9.96,1.33,11
CAR10262,Ford,2026,Pickup,CNG,Manual,4.9,259,26.0,101115,West,Delhi,19.74,3.39,2
CAR10263,Mercedes-Benz,2017,SUV,Petrol,Manual,1.1,117,31.9,124182,Central,Delhi,75.41,17.27,6
CAR10264,Skoda,2022,Hatchback,Electric,AMT,1.8,105,33.9,159112,Central,Ahmedabad,15.23,3.38,6
CAR10265,Jeep,2018,SUV,Hybrid,Automatic,2.1,105,32.3,102941,North,Delhi,28.24,6.78,1
CAR10266,Volkswagen,2017,Hatchback,Diesel,CVT,2.6,202,22.6,157093,Central,Kolkata,12.23,2.28,4
CAR10267,Hyundai,2023,MUV,Diesel,Manual,2.8,123,22.5,26156,North,Mumbai,14.98,3.54,1
CAR10268,Audi,2024,SUV,Electric,CVT,2.0,129,35.0,7561,Central,Hyderabad,54.29,9.49,2
CAR10269,Tata,2018,MUV,Electric,Manual,4.1,200,28.3,86356,Central,Delhi,17.84,2.68,8
CAR10270,Volkswagen,2026,Convertible,Hybrid,Manual,1.7,68,29.6,51347,South,Delhi,32.52,4.9,7
CAR10271,Mercedes-Benz,2020,SUV,CNG,Automatic,3.7,217,25.2,137151,North,Kolkata,67.81,10.63,6
CAR10272,Toyota,2020,SUV,Diesel,Manual,4.4,283,19.0,63961,East,Pune,21.31,4.39,3
CAR10273,Ford,2019,MUV,Electric,Automatic,3.3,214,30.7,76228,South,Mumbai,19.82,3.21,7
CAR10274,Jeep,2021,Coupe,Electric,Manual,2.3,152,35.0,98601,East,Kolkata,41.13,3.83,10
CAR10275,Hyundai,2018,Convertible,Petrol,Manual,1.6,63,24.9,173254,North,Jaipur,15.9,2.76,10
CAR10276,Kia,2021,Hatchback,Petrol,AMT,1.4,89,25.4,17576,North,Pune,9.07,0.99,2
CAR10277,Kia,2019,SUV,Petrol,Manual,3.9,252,21.5,101700,East,Ahmedabad,17.73,3.24,8
CAR10278,Maruti Suzuki,2017,Sedan,Electric,Automatic,2.8,160,34.9,73069,West,Chennai,9.11,1.34,3
CAR10279,Toyota,2020,Convertible,Petrol,AMT,1.0,62,30.1,11301,South,Indore,25.92,4.35,10
CAR10280,Honda,2023,SUV,Hybrid,Manual,4.9,292,22.4,147561,South,Mumbai,20.42,2.79,6
CAR10281,Mercedes-Benz,2024,SUV,Petrol,AMT,3.6,225,17.2,164947,North,Pune,88.31,9.31,9
CAR10282,Kia,2020,Hatchback,Petrol,Manual,4.3,232,18.8,35308,South,Kolkata,10.56,1.84,6
CAR10283,Mahindra,2020,Sedan,Diesel,Automatic,2.6,170,23.9,137954,South,Delhi,11.81,1.49,8
CAR10284,Kia,2024,SUV,Petrol,Manual,4.8,345,14.8,127723,South,Indore,19.12,2.06,11
CAR10285,Hyundai,2023,Sedan,CNG,CVT,1.6,92,27.0,128433,South,Ahmedabad,10.68,1.3,2
CAR10286,Jeep,2025,Hatchback,Petrol,Automatic,1.6,88,26.7,85557,South,Bengaluru,17.61,4.16,10
CAR10287,Ford,2026,Convertible,CNG,Automatic,4.5,254,21.9,61033,West,Delhi,29.69,7.12,6
CAR10288,Volkswagen,2025,MUV,Petrol,DCT,4.5,231,14.8,17373,South,Pune,22.9,2.46,2
CAR10289,Volkswagen,2026,Hatchback,CNG,Automatic,2.9,179,30.9,11110,West,Hyderabad,13.04,1.7,5
CAR10290,Kia,2021,Sedan,Diesel,CVT,1.3,83,25.0,36040,West,Delhi,16.09,1.55,1
CAR10291,Nissan,2020,Pickup,Petrol,AMT,2.1,105,28.4,97374,West,Indore,13.9,2.73,6
CAR10292,Mercedes-Benz,2020,SUV,Petrol,DCT,4.0,268,20.5,29680,East,Ahmedabad,64.91,7.91,6
CAR10293,Jeep,2019,SUV,Petrol,CVT,4.4,267,20.3,125154,Central,Kolkata,22.94,2.75,5
CAR10294,Mercedes-Benz,2024,Sedan,Diesel,DCT,2.3,102,23.8,113450,South,Bengaluru,77.4,8.62,5
CAR10295,Volkswagen,2024,Sedan,Electric,Manual,1.1,69,31.4,65301,Central,Bengaluru,25.68,3.5,7
CAR10296,Kia,2025,Hatchback,Petrol,AMT,3.6,204,17.9,20281,South,Kolkata,9.75,2.14,10
CAR10297,Nissan,2018,MUV,Diesel,CVT,3.9,239,20.3,95547,North,Delhi,16.4,2.26,5
CAR10298,Hyundai,2021,Hatchback,Diesel,Automatic,2.6,164,24.9,149033,Central,Chennai,11.31,1.69,1
CAR10299,Mercedes-Benz,2019,Hatchback,Diesel,Manual,3.2,173,17.0,73907,Central,Bengaluru,44.6,8.47,7
CAR10300,Toyota,2025,MUV,Hybrid,DCT,4.9,258,25.1,146165,North,Mumbai,31.61,6.6,11
CAR10301,Audi,2019,Pickup,Diesel,Manual,1.8,99,22.3,55086,East,Mumbai,53.15,5.7,5
CAR10302,Nissan,2018,MUV,Hybrid,Automatic,3.2,185,30.0,19010,East,Chennai,16.6,3.63,2
CAR10303,Toyota,2022,SUV,CNG,Automatic,3.4,224,26.8,118747,South,Chennai,18.36,3.24,10
CAR10304,Skoda,2025,SUV,Petrol,Manual,3.1,203,24.8,160434,East,Chennai,25.16,3.69,5
CAR10305,Volkswagen,2026,SUV,Petrol,AMT,4.5,270,22.4,159635,West,Pune,28.18,2.66,5
CAR10306,Ford,2017,Sedan,Petrol,Manual,3.3,206,23.5,172853,East,Hyderabad,15.31,2.13,4
CAR10307,Mercedes-Benz,2020,SUV,Diesel,AMT,2.9,168,25.6,23858,East,Mumbai,95.33,18.52,9
CAR10308,Volkswagen,2018,SUV,Petrol,CVT,1.3,158,25.8,12606,Central,Indore,19.84,4.58,2
CAR10309,Mercedes-Benz,2020,SUV,CNG,Automatic,3.8,253,34.3,104661,South,Ahmedabad,93.9,18.06,7
CAR10310,Honda,2022,Pickup,Diesel,AMT,1.4,49,23.0,171307,West,Kolkata,19.82,3.89,4
CAR10311,Tata,2019,Pickup,Diesel,Manual,0.9,54,26.3,179634,South,Delhi,12.73,1.49,5
CAR10312,Mahindra,2017,Hatchback,Electric,CVT,2.9,179,35.0,53905,Central,Indore,9.26,1.7,3
CAR10313,Honda,2022,Sedan,Petrol,DCT,3.2,167,24.6,70658,South,Ahmedabad,13.04,2.94,9
CAR10314,Mercedes-Benz,2017,Hatchback,Electric,Manual,5.0,238,31.5,121333,Central,Kolkata,48.67,5.33,5
CAR10315,BMW,2019,Sedan,Petrol,AMT,3.8,183,22.9,164881,West,Mumbai,42.03,9.97,11
CAR10316,Tata,2017,Sedan,Diesel,Automatic,4.4,256,13.2,35592,South,Mumbai,13.09,3.14,10
CAR10317,Mahindra,2017,Hatchback,CNG,Automatic,2.3,83,34.2,175741,West,Bengaluru,7.76,1.31,9
CAR10318,Mahindra,2021,MUV,Electric,AMT,2.9,123,34.4,148054,South,Bengaluru,18.7,4.29,5
CAR10319,Jeep,2025,SUV,Electric,Automatic,4.9,308,34.0,16917,South,Bengaluru,41.68,8.9,11
CAR10320,Maruti Suzuki,2024,Pickup,Petrol,Automatic,2.6,137,17.7,152334,South,Kolkata,10.23,0.94,7
CAR10321,Mercedes-Benz,2017,Hatchback,Electric,Manual,4.2,214,32.7,117285,West,Delhi,55.33,6.27,5
CAR10322,Honda,2017,Hatchback,Diesel,Automatic,3.0,153,21.1,176209,South,Chennai,9.3,1.17,4
CAR10323,Tata,2020,Sedan,Diesel,CVT,1.7,57,27.6,41641,East,Jaipur,10.28,1.43,11
CAR10324,Skoda,2023,Hatchback,Petrol,Manual,3.2,188,23.3,178693,East,Jaipur,13.52,3.15,3
CAR10325,Jeep,2024,Sedan,Petrol,Automatic,1.7,73,27.0,13323,North,Delhi,22.42,2.57,10
CAR10326,BMW,2025,Pickup,Diesel,Manual,0.8,31,24.9,18275,South,Pune,76.58,12.97,3
CAR10327,BMW,2020,Sedan,Petrol,CVT,1.8,108,25.5,83349,South,Indore,48.85,11.0,9
CAR10328,Toyota,2018,Hatchback,Hybrid,Automatic,1.6,82,32.6,120143,South,Hyderabad,12.23,2.38,4
CAR10329,Ford,2017,SUV,Electric,Automatic,2.4,139,35.0,34210,Central,Chennai,23.5,3.87,10
CAR10330,Volkswagen,2018,SUV,CNG,Manual,4.5,223,27.2,52783,South,Kolkata,18.37,4.37,10
CAR10331,Volkswagen,2017,SUV,Petrol,Automatic,2.4,166,24.7,73226,East,Bengaluru,17.36,3.51,9
CAR10332,Audi,2025,Sedan,CNG,DCT,4.3,238,20.9,26976,West,Chennai,47.54,9.01,11
CAR10333,Mercedes-Benz,2019,Coupe,Petrol,Automatic,3.1,193,22.9,35795,West,Indore,93.01,15.85,6
CAR10334,Nissan,2025,Hatchback,Diesel,Automatic,0.8,18,35.0,31039,West,Pune,12.7,3.04,10
CAR10335,Hyundai,2022,SUV,Electric,AMT,1.6,113,35.0,171956,East,Kolkata,17.48,2.71,7
CAR10336,Nissan,2022,SUV,Petrol,Automatic,4.7,296,9.8,168876,Central,Mumbai,19.14,4.03,1
CAR10337,Jeep,2021,Convertible,Petrol,Automatic,3.3,184,22.3,114999,Central,Indore,33.16,4.99,5
CAR10338,Mercedes-Benz,2025,Sedan,Petrol,Automatic,4.7,299,21.5,124638,South,Mumbai,97.74,19.95,1
CAR10339,BMW,2017,SUV,Diesel,Manual,2.1,158,24.4,28991,North,Ahmedabad,69.85,12.54,8
CAR10340,Jeep,2017,Hatchback,Electric,AMT,3.8,206,31.5,13830,South,Chennai,19.22,2.81,2
CAR10341,Tata,2021,Hatchback,Petrol,CVT,4.0,238,19.6,70973,Central,Bengaluru,7.6,1.08,4
CAR10342,Mercedes-Benz,2020,Hatchback,Petrol,CVT,4.9,271,19.9,177240,Central,Mumbai,44.35,10.44,10
CAR10343,Tata,2022,MUV,Diesel,CVT,0.9,51,24.4,88631,West,Chennai,13.71,2.19,9
CAR10344,Kia,2024,Sedan,Petrol,Automatic,4.8,296,22.0,146367,West,Pune,14.12,1.66,4
CAR10345,Skoda,2022,MUV,Hybrid,Manual,2.4,110,31.1,69724,South,Kolkata,18.45,3.86,6
CAR10346,BMW,2019,Hatchback,CNG,Automatic,4.3,237,21.9,59106,East,Delhi,33.8,5.41,7
CAR10347,Jeep,2020,Convertible,Hybrid,DCT,3.1,200,32.9,147123,North,Bengaluru,41.23,7.13,4
CAR10348,Jeep,2024,Coupe,CNG,AMT,3.2,219,22.7,87401,East,Mumbai,31.73,3.57,9
CAR10349,Ford,2019,Hatchback,Diesel,Automatic,2.3,117,22.8,133090,North,Kolkata,11.21,1.95,2
CAR10350,Ford,2022,Hatchback,Electric,AMT,4.3,194,30.0,132150,North,Indore,18.29,1.8,5
CAR10351,Kia,2022,Hatchback,Petrol,AMT,1.9,48,31.9,132240,Central,Indore,9.21,1.31,3
CAR10352,Toyota,2024,Coupe,Petrol,CVT,2.9,246,21.0,123305,Central,Indore,29.41,4.58,8
CAR10353,Mercedes-Benz,2024,Sedan,Hybrid,AMT,3.2,184,22.9,146649,West,Mumbai,79.15,15.53,8
CAR10354,Hyundai,2021,SUV,Petrol,Automatic,3.9,225,18.9,86039,West,Kolkata,17.23,2.59,9
CAR10355,Jeep,2020,SUV,CNG,Manual,2.8,188,29.6,58056,South,Delhi,27.87,6.14,5
CAR10356,Jeep,2020,MUV,Hybrid,Automatic,3.7,180,30.5,94668,East,Kolkata,28.22,5.01,3
CAR10357,Ford,2021,SUV,CNG,Automatic,2.8,171,35.0,61804,West,Hyderabad,16.75,3.31,1
CAR10358,Skoda,2019,SUV,Petrol,DCT,3.6,199,25.6,12561,East,Ahmedabad,15.57,2.17,10
CAR10359,Honda,2023,Pickup,Diesel,Automatic,3.6,163,21.9,68317,South,Chennai,14.92,1.87,4
CAR10360,Maruti Suzuki,2019,Hatchback,Hybrid,Automatic,3.8,156,25.2,92610,South,Delhi,6.46,0.65,9
CAR10361,Nissan,2023,Coupe,Petrol,Automatic,4.3,232,24.6,96068,Central,Kolkata,18.94,3.91,5
CAR10362,Skoda,2024,Hatchback,Diesel,Automatic,3.1,196,21.5,64543,South,Kolkata,12.63,1.36,4
CAR10363,BMW,2026,SUV,Hybrid,Automatic,1.6,88,31.2,131958,Central,Pune,82.36,9.32,3
CAR10364,Skoda,2018,Convertible,CNG,Manual,3.7,217,24.9,54883,West,Delhi,23.58,2.61,9
CAR10365,Honda,2024,SUV,Hybrid,CVT,1.1,109,30.6,118326,Central,Pune,26.14,3.37,4
CAR10366,Kia,2017,SUV,Petrol,Automatic,1.7,119,24.5,52183,East,Kolkata,11.63,2.32,4
CAR10367,Kia,2020,Sedan,Diesel,Automatic,4.1,218,19.5,177657,South,Ahmedabad,13.22,1.43,8
CAR10368,Mercedes-Benz,2018,Sedan,Diesel,Manual,2.6,146,26.0,118565,North,Indore,57.5,8.63,6
CAR10369,Toyota,2018,Sedan,Petrol,Automatic,2.9,149,21.9,102446,East,Bengaluru,13.45,1.73,9
CAR10370,Maruti Suzuki,2018,SUV,Diesel,AMT,4.9,325,14.4,80120,South,Ahmedabad,10.75,2.25,2
CAR10371,Audi,2017,SUV,Petrol,CVT,1.8,171,20.9,137294,North,Mumbai,55.32,11.97,11
CAR10372,Tata,2025,Sedan,Petrol,Manual,0.9,86,28.5,79515,Central,Indore,13.05,2.59,3
CAR10373,Hyundai,2017,Sedan,Diesel,DCT,1.3,18,27.1,145566,Central,Kolkata,11.44,1.87,2
CAR10374,Audi,2020,Sedan,Petrol,AMT,1.8,88,24.0,32857,South,Ahmedabad,43.76,7.77,2
CAR10375,Skoda,2023,Sedan,Diesel,Manual,3.8,209,19.5,148534,West,Ahmedabad,18.62,1.99,4
CAR10376,Honda,2026,Hatchback,Petrol,Manual,4.1,237,21.3,173326,East,Pune,13.81,3.29,5
CAR10377,Maruti Suzuki,2025,Convertible,Hybrid,Manual,3.2,133,33.5,47453,East,Chennai,16.83,3.84,1
CAR10378,Maruti Suzuki,2018,SUV,Petrol,CVT,1.9,86,23.1,44187,West,Ahmedabad,8.21,1.57,7
CAR10379,Audi,2026,Hatchback,CNG,Manual,3.0,198,28.1,172103,East,Kolkata,36.12,7.76,7
CAR10380,BMW,2023,SUV,Petrol,Automatic,0.9,61,30.7,76069,Central,Pune,74.65,13.36,9
CAR10381,Toyota,2018,Coupe,Diesel,AMT,3.7,201,18.8,126689,North,Pune,25.81,3.42,1
CAR10382,Jeep,2021,Sedan,Petrol,CVT,3.4,159,21.8,38285,West,Kolkata,21.08,1.92,2
CAR10383,Jeep,2026,Hatchback,Petrol,Automatic,0.9,59,27.7,79820,Central,Mumbai,16.11,3.38,3
CAR10384,BMW,2020,Hatchback,Diesel,AMT,4.2,210,16.0,128049,Central,Bengaluru,47.02,9.41,5
CAR10385,Toyota,2018,Hatchback,Electric,Manual,4.0,226,32.9,161597,North,Indore,15.57,1.94,7
CAR10386,Honda,2025,MUV,CNG,CVT,2.1,91,30.1,81322,North,Hyderabad,16.54,3.29,3
CAR10387,Honda,2026,Pickup,Petrol,Manual,3.5,149,23.3,18149,West,Pune,18.78,2.52,4
CAR10388,Nissan,2026,Hatchback,Petrol,Manual,3.3,217,18.5,77388,Central,Bengaluru,11.99,1.83,6
CAR10389,Skoda,2026,MUV,Hybrid,DCT,1.4,87,33.7,117509,Central,Ahmedabad,23.17,2.59,6
CAR10390,Ford,2025,Hatchback,Diesel,Manual,1.6,80,30.3,158141,Central,Kolkata,13.34,3.13,6
CAR10391,Maruti Suzuki,2021,SUV,Petrol,Manual,3.7,215,27.4,150928,North,Bengaluru,9.54,0.89,8
CAR10392,Ford,2018,MUV,Hybrid,Automatic,4.7,295,29.6,137908,East,Mumbai,21.68,2.07,9
CAR10393,Audi,2023,Sedan,Diesel,Manual,3.2,191,18.8,33927,West,Chennai,56.08,13.27,10
CAR10394,Volkswagen,2019,Hatchback,Hybrid,Manual,3.2,205,30.7,95978,West,Hyderabad,11.8,1.95,11
CAR10395,Mahindra,2021,SUV,Petrol,Automatic,3.5,203,20.2,105819,West,Bengaluru,13.48,2.42,5
CAR10396,Skoda,2023,Pickup,Diesel,AMT,2.7,150,24.4,87003,South,Bengaluru,22.61,4.56,4
CAR10397,Toyota,2026,Sedan,Petrol,AMT,1.0,65,25.3,166532,East,Bengaluru,17.96,1.68,4
CAR10398,Ford,2019,Hatchback,Hybrid,Manual,2.5,124,25.9,172982,East,Bengaluru,15.69,3.35,4
CAR10399,Mercedes-Benz,2019,Hatchback,Petrol,Automatic,4.6,251,17.9,41789,Central,Ahmedabad,56.57,11.34,6
CAR10400,Mercedes-Benz,2024,SUV,Electric,CVT,4.2,241,34.1,172380,South,Kolkata,103.4,24.69,7
CAR10401,Jeep,2017,SUV,Electric,Manual,4.7,293,31.6,153138,South,Kolkata,39.35,6.02,1
CAR10402,Maruti Suzuki,2022,MUV,Hybrid,Manual,1.4,44,34.8,128334,North,Mumbai,12.58,1.39,11
CAR10403,Mercedes-Benz,2024,MUV,Petrol,Manual,2.9,174,23.7,71752,North,Hyderabad,75.92,11.14,1
CAR10404,Jeep,2022,Pickup,Petrol,Automatic,3.3,189,23.3,138025,Central,Indore,19.84,2.82,5
CAR10405,Kia,2020,Coupe,Diesel,Manual,1.7,123,27.5,107579,Central,Ahmedabad,21.79,5.01,5
CAR10406,Kia,2025,Sedan,Diesel,AMT,1.6,99,25.3,162341,South,Kolkata,17.1,2.27,4
CAR10407,Hyundai,2020,SUV,CNG,DCT,4.1,241,25.4,129471,West,Chennai,14.13,2.52,3
CAR10408,Ford,2024,Sedan,Petrol,Manual,3.6,181,26.6,173754,East,Chennai,16.74,2.83,6
CAR10409,Jeep,2021,Sedan,CNG,Automatic,3.5,206,27.0,78365,Central,Delhi,18.11,2.76,1
CAR10410,Toyota,2017,Pickup,Petrol,Manual,1.9,119,25.6,19398,South,Delhi,15.64,1.47,9
CAR10411,Ford,2022,SUV,Petrol,Manual,2.9,172,23.3,91095,Central,Ahmedabad,21.52,2.75,8
CAR10412,BMW,2017,Pickup,Petrol,AMT,0.9,35,27.2,179534,South,Jaipur,49.18,6.76,9
CAR10413,Mercedes-Benz,2026,Sedan,Hybrid,Automatic,1.3,67,32.6,119633,West,Indore,81.39,14.26,9
CAR10414,Honda,2023,SUV,Petrol,DCT,3.0,176,23.4,128028,South,Pune,16.72,3.93,10
CAR10415,Toyota,2020,SUV,Petrol,Automatic,2.1,179,23.4,114432,West,Indore,20.1,3.2,2
CAR10416,Mahindra,2021,Hatchback,Electric,Manual,4.9,277,29.8,108730,South,Kolkata,12.51,1.76,10
CAR10417,Jeep,2023,Sedan,Diesel,Automatic,2.8,154,20.9,15737,Central,Bengaluru,28.42,3.82,7
CAR10418,Honda,2019,SUV,Petrol,Manual,1.2,68,27.4,77304,West,Bengaluru,15.08,2.24,2
CAR10419,Mercedes-Benz,2019,Hatchback,Petrol,CVT,0.9,68,29.6,20128,South,Bengaluru,38.66,7.54,11
CAR10420,Kia,2021,Pickup,Diesel,AMT,3.8,194,20.2,63868,Central,Ahmedabad,21.43,4.43,9
CAR10421,Skoda,2019,Hatchback,Petrol,Automatic,1.5,66,20.4,130969,West,Delhi,9.99,2.26,3
CAR10422,Mahindra,2024,Hatchback,Petrol,Automatic,1.6,107,27.9,145736,East,Indore,9.82,1.32,10
CAR10423,Maruti Suzuki,2018,MUV,Diesel,Automatic,2.6,153,24.1,44132,North,Ahmedabad,9.91,0.94,9
CAR10424,Volkswagen,2025,Hatchback,Petrol,AMT,1.9,42,22.5,119526,Central,Chennai,10.67,1.72,5
CAR10425,Hyundai,2020,Pickup,Diesel,Manual,3.4,183,24.2,44633,West,Ahmedabad,16.84,2.34,2
CAR10426,Ford,2022,MUV,Petrol,Manual,2.8,157,19.1,40123,West,Mumbai,21.51,2.93,9
CAR10427,Nissan,2018,Hatchback,Petrol,Manual,1.3,63,30.0,172999,Central,Kolkata,8.11,1.75,11
CAR10428,Nissan,2020,SUV,Petrol,Automatic,4.1,255,20.0,111734,West,Mumbai,10.19,2.15,3
CAR10429,Toyota,2024,SUV,Petrol,Automatic,2.6,123,17.0,39563,South,Mumbai,20.75,4.33,1
CAR10430,Mahindra,2019,MUV,Petrol,Manual,3.4,116,22.4,29704,South,Delhi,11.44,1.14,3
CAR10431,Honda,2018,Coupe,Petrol,Automatic,0.8,55,26.9,13661,North,Ahmedabad,20.93,4.97,4
CAR10432,Maruti Suzuki,2022,SUV,CNG,Automatic,3.4,219,25.2,91953,North,Ahmedabad,11.7,1.86,5
CAR10433,Nissan,2018,SUV,Electric,Manual,2.0,54,35.0,22714,West,Jaipur,17.59,3.23,11
CAR10434,Honda,2020,Sedan,Petrol,CVT,2.9,138,22.7,107105,Central,Indore,11.05,1.56,11
CAR10435,Hyundai,2021,SUV,Diesel,Automatic,2.1,92,23.5,80909,North,Indore,17.54,3.63,8
CAR10436,Honda,2022,Pickup,Diesel,Automatic,5.0,269,12.4,116244,East,Indore,18.54,1.78,3
CAR10437,Volkswagen,2023,SUV,Electric,Automatic,1.8,173,35.0,41312,North,Delhi,32.18,6.12,3
CAR10438,Skoda,2023,SUV,Petrol,Manual,4.6,273,18.2,30420,East,Ahmedabad,22.55,2.28,1
CAR10439,Honda,2025,SUV,Petrol,CVT,4.7,281,16.5,22636,West,Ahmedabad,23.59,3.58,9
CAR10440,Audi,2017,MUV,Petrol,Automatic,2.6,164,20.4,21729,Central,Mumbai,51.92,9.23,3
CAR10441,Jeep,2020,Pickup,Petrol,Automatic,2.1,116,27.3,17652,Central,Mumbai,28.9,3.75,10
CAR10442,Mercedes-Benz,2017,Hatchback,Petrol,CVT,2.4,127,20.3,50273,South,Indore,40.23,6.32,7
CAR10443,Honda,2017,Sedan,CNG,CVT,5.0,298,23.4,145075,Central,Jaipur,15.02,3.29,6
CAR10444,Kia,2019,SUV,CNG,CVT,3.4,224,25.1,111230,West,Chennai,16.78,2.25,11
CAR10445,Kia,2022,SUV,Petrol,Manual,3.1,203,21.0,48813,South,Delhi,17.8,2.72,2
CAR10446,Tata,2025,SUV,Diesel,Manual,1.0,77,24.3,168044,South,Chennai,16.23,2.52,6
CAR10447,Mercedes-Benz,2024,Hatchback,Petrol,AMT,4.4,233,17.6,138186,North,Delhi,60.59,7.83,3
CAR10448,Jeep,2023,Sedan,Diesel,Automatic,1.2,89,27.1,141346,Central,Pune,24.97,3.55,2
CAR10449,Kia,2024,SUV,Diesel,AMT,1.0,72,28.3,162248,South,Chennai,19.88,3.68,11
CAR10450,Mercedes-Benz,2018,SUV,Petrol,AMT,2.0,166,22.8,135499,South,Delhi,59.26,11.39,7
CAR10451,Jeep,2025,SUV,Electric,Manual,2.8,153,35.0,172438,East,Indore,42.49,8.6,2
CAR10452,Skoda,2025,MUV,CNG,Manual,4.6,289,26.6,62790,North,Jaipur,17.27,2.65,2
CAR10453,Kia,2017,SUV,Hybrid,Automatic,4.1,262,22.2,154827,Central,Indore,20.16,3.93,4
CAR10454,Toyota,2021,MUV,Hybrid,Manual,1.6,64,33.1,24548,West,Indore,21.22,4.71,10
CAR10455,Volkswagen,2025,SUV,Diesel,Automatic,2.4,170,21.4,57525,North,Delhi,20.55,2.52,2
CAR10456,Volkswagen,2021,SUV,Petrol,AMT,4.1,234,17.0,161089,North,Ahmedabad,21.53,4.49,9
CAR10457,Ford,2025,SUV,Petrol,Automatic,3.0,191,23.6,28343,North,Ahmedabad,26.55,5.72,2
CAR10458,Tata,2026,Hatchback,Diesel,AMT,1.5,70,24.8,92649,Central,Ahmedabad,9.01,1.01,4
CAR10459,Nissan,2021,Sedan,Petrol,Automatic,2.5,134,20.3,64595,East,Bengaluru,14.66,1.97,6
CAR10460,Honda,2017,SUV,Electric,AMT,3.4,236,35.0,22589,West,Chennai,23.87,2.99,2
CAR10461,Mahindra,2020,Convertible,Diesel,Manual,4.9,282,21.0,46288,North,Indore,24.92,4.67,5
CAR10462,Ford,2019,SUV,Petrol,AMT,3.6,195,15.6,98619,South,Delhi,16.36,2.41,3
CAR10463,Maruti Suzuki,2021,Hatchback,Petrol,AMT,0.9,23,23.4,115372,East,Pune,6.14,0.62,1
CAR10464,Hyundai,2022,SUV,CNG,Manual,3.8,241,27.7,123196,South,Ahmedabad,16.79,3.32,1
CAR10465,Toyota,2021,Sedan,Petrol,Automatic,1.9,113,24.6,28008,West,Ahmedabad,16.96,3.89,2
CAR10466,Jeep,2018,MUV,Petrol,CVT,4.4,225,23.9,60982,Central,Hyderabad,28.46,6.1,9
CAR10467,Ford,2020,Coupe,Petrol,Manual,2.4,207,26.1,23227,South,Ahmedabad,16.22,1.71,1
CAR10468,Volkswagen,2023,SUV,Hybrid,AMT,1.6,133,34.1,6618,West,Indore,22.76,4.5,6
CAR10469,Ford,2017,SUV,CNG,DCT,2.8,163,25.2,73346,Central,Ahmedabad,14.87,2.47,1
CAR10470,Skoda,2019,Sedan,Petrol,CVT,1.9,86,26.9,113781,Central,Mumbai,11.89,1.9,3
CAR10471,Maruti Suzuki,2025,SUV,CNG,Automatic,1.8,118,26.9,69890,North,Bengaluru,6.52,0.63,2
CAR10472,Nissan,2017,Convertible,Petrol,Automatic,3.2,168,26.2,12016,North,Chennai,17.72,3.45,4
CAR10473,Hyundai,2021,MUV,Diesel,DCT,4.0,251,21.7,43493,Central,Chennai,15.37,2.49,9
CAR10474,Kia,2019,SUV,Petrol,Automatic,4.3,286,17.2,80738,Central,Chennai,15.9,1.53,5
CAR10475,Tata,2018,Sedan,Diesel,Manual,2.5,138,26.4,67255,South,Bengaluru,10.04,2.11,1
CAR10476,Maruti Suzuki,2021,Hatchback,Hybrid,Manual,1.1,77,35.0,149335,East,Pune,6.6,0.99,2
CAR10477,Nissan,2022,Hatchback,Diesel,AMT,2.8,175,22.6,109647,East,Mumbai,12.02,2.77,4
CAR10478,Toyota,2018,Hatchback,Petrol,Automatic,2.6,144,25.4,179798,West,Ahmedabad,10.17,2.04,4
CAR10479,Tata,2017,Sedan,Electric,Manual,1.6,98,35.0,35712,West,Pune,13.37,3.07,7
CAR10480,Honda,2018,Pickup,CNG,Automatic,4.6,268,24.2,69803,South,Indore,14.47,2.76,4
CAR10481,Mercedes-Benz,2023,SUV,Diesel,AMT,4.9,307,13.7,20284,Central,Delhi,86.24,18.03,9
CAR10482,Nissan,2025,Sedan,Diesel,Automatic,1.0,36,27.6,8522,North,Bengaluru,12.64,1.52,3
CAR10483,BMW,2018,Hatchback,Electric,CVT,4.1,209,32.3,166696,North,Jaipur,45.03,7.68,8
CAR10484,Maruti Suzuki,2020,Sedan,Petrol,AMT,3.5,185,27.0,91258,Central,Kolkata,9.07,1.63,2
CAR10485,Hyundai,2020,Coupe,Electric,DCT,1.9,122,32.1,120466,North,Hyderabad,17.79,2.42,11
CAR10486,BMW,2020,Sedan,Petrol,CVT,3.5,156,20.8,53348,Central,Delhi,49.42,4.84,11
CAR10487,Audi,2019,MUV,Electric,Manual,1.3,88,35.0,14019,South,Ahmedabad,70.76,13.78,4
CAR10488,Kia,2017,Coupe,Petrol,Automatic,1.1,104,26.6,161235,South,Bengaluru,21.07,4.85,3
CAR10489,Maruti Suzuki,2022,Hatchback,Petrol,Manual,5.0,242,17.5,120223,North,Indore,7.24,1.62,1
CAR10490,Tata,2020,SUV,Diesel,DCT,3.5,211,19.1,129513,Central,Chennai,13.79,1.54,11
CAR10491,Skoda,2020,Pickup,Diesel,Manual,1.9,100,22.6,98342,South,Mumbai,19.09,2.16,1
CAR10492,Skoda,2019,Sedan,Electric,Automatic,2.7,153,30.0,75756,North,Hyderabad,20.33,3.43,1
CAR10493,Maruti Suzuki,2026,Hatchback,CNG,CVT,4.8,237,21.6,78898,East,Kolkata,6.56,1.43,2
CAR10494,Tata,2023,Pickup,Petrol,Manual,2.6,109,20.8,138354,North,Kolkata,12.13,1.95,4
CAR10495,Mercedes-Benz,2021,Convertible,Petrol,CVT,4.6,266,19.3,44770,West,Indore,112.92,15.78,11
CAR10496,Hyundai,2019,SUV,Petrol,Manual,4.4,229,17.1,64711,North,Chennai,14.17,2.69,2
CAR10497,Honda,2025,SUV,Diesel,Automatic,2.2,140,23.3,58802,East,Chennai,18.17,4.14,7
CAR10498,Audi,2025,Sedan,Diesel,Automatic,3.7,195,19.8,96308,South,Pune,62.62,12.0,8
CAR10499,Skoda,2017,Coupe,Electric,Automatic,3.6,230,33.2,174338,North,Mumbai,22.59,3.08,9
CAR10500,Hyundai,2026,SUV,Electric,Automatic,4.0,251,30.8,166487,North,Jaipur,19.5,1.82,8
CAR10501,Honda,2023,Hatchback,Petrol,CVT,2.3,166,21.3,100341,East,Bengaluru,11.72,2.48,11
CAR10502,Tata,2017,SUV,Diesel,Automatic,1.0,40,27.9,40027,South,Bengaluru,12.8,1.32,8
CAR10503,Jeep,2024,Pickup,Diesel,Automatic,1.5,104,29.6,169571,North,Delhi,30.83,5.29,10
CAR10504,Skoda,2018,Coupe,Diesel,CVT,3.4,159,22.2,59785,North,Chennai,22.27,3.13,4
CAR10505,Mercedes-Benz,2017,Sedan,Petrol,AMT,4.1,260,18.3,67357,Central,Hyderabad,63.6,7.02,5
CAR10506,Hyundai,2018,Hatchback,Petrol,Manual,4.0,169,20.0,159978,West,Ahmedabad,8.75,1.37,9
CAR10507,Kia,2021,Pickup,Petrol,DCT,3.3,242,15.9,51081,West,Jaipur,17.48,4.03,10
CAR10508,BMW,2023,Pickup,Petrol,Manual,1.2,56,26.7,85828,Central,Ahmedabad,52.4,10.49,1
CAR10509,Mercedes-Benz,2021,SUV,Hybrid,Automatic,0.9,107,33.6,165434,North,Chennai,78.0,9.33,5
CAR10510,BMW,2018,SUV,Petrol,Automatic,4.1,278,17.4,60630,West,Jaipur,61.06,9.59,9
CAR10511,Jeep,2018,SUV,Diesel,AMT,3.1,185,20.3,114255,West,Mumbai,31.23,5.95,2
CAR10512,Maruti Suzuki,2025,Sedan,Diesel,Manual,4.1,217,18.9,11527,South,Bengaluru,11.16,1.7,4
CAR10513,Nissan,2026,Hatchback,CNG,Manual,1.5,62,34.4,179229,East,Chennai,8.81,1.76,7
CAR10514,Nissan,2024,Hatchback,Petrol,AMT,2.5,157,27.3,78316,West,Hyderabad,10.14,2.07,1
CAR10515,Jeep,2018,Sedan,Petrol,Manual,4.7,248,15.9,122300,West,Bengaluru,18.62,2.16,11
CAR10516,Honda,2025,Coupe,Petrol,Automatic,1.5,97,24.8,92605,South,Indore,21.45,3.86,5
CAR10517,Skoda,2023,Hatchback,Diesel,AMT,1.1,74,25.9,80946,West,Bengaluru,11.86,2.36,9
CAR10518,Toyota,2022,Sedan,Petrol,Automatic,3.5,170,24.0,76108,West,Chennai,18.13,3.24,5
CAR10519,Kia,2018,SUV,Hybrid,Manual,3.3,198,29.5,8109,North,Pune,18.41,1.88,5
CAR10520,Volkswagen,2026,Sedan,Petrol,Manual,4.8,267,18.8,53555,East,Kolkata,21.63,4.6,11
CAR10521,Audi,2021,Hatchback,Petrol,DCT,4.6,237,20.6,71615,East,Kolkata,42.43,9.0,10
CAR10522,Ford,2017,SUV,Petrol,Automatic,3.9,227,18.9,69597,South,Indore,16.23,3.03,6
CAR10523,Ford,2019,Sedan,Electric,Manual,0.9,88,35.0,52868,North,Kolkata,17.56,4.06,6
CAR10524,Nissan,2021,SUV,Electric,Manual,2.8,174,35.0,117427,North,Mumbai,21.88,5.01,9
CAR10525,Mercedes-Benz,2017,Pickup,Hybrid,Automatic,4.6,244,23.4,150098,West,Ahmedabad,93.33,22.25,8
CAR10526,Mercedes-Benz,2020,Hatchback,Diesel,DCT,2.6,139,23.1,160973,Central,Ahmedabad,43.23,9.43,11
CAR10527,Skoda,2021,Pickup,Hybrid,Manual,4.8,275,29.2,175147,East,Bengaluru,18.97,2.73,4
CAR10528,Ford,2026,Pickup,Hybrid,Manual,3.5,167,27.3,118693,Central,Jaipur,24.12,5.08,2
CAR10529,Skoda,2017,Coupe,Petrol,Automatic,1.3,117,29.7,76928,Central,Chennai,20.78,3.81,3
CAR10530,Skoda,2022,SUV,Diesel,Manual,2.9,191,21.2,118078,West,Mumbai,22.27,2.99,6
CAR10531,Volkswagen,2026,SUV,Electric,Manual,3.7,184,30.8,28167,East,Mumbai,34.39,8.09,4
CAR10532,Ford,2025,SUV,Petrol,DCT,1.1,130,29.3,147953,Central,Ahmedabad,19.41,4.05,9
CAR10533,Ford,2026,SUV,Hybrid,AMT,2.2,183,29.1,98620,West,Bengaluru,25.72,2.33,10
CAR10534,Mercedes-Benz,2018,Hatchback,Diesel,Manual,3.8,189,23.3,33899,Central,Kolkata,35.16,5.29,3
CAR10535,Volkswagen,2025,Pickup,Diesel,Automatic,1.5,54,27.5,79520,Central,Ahmedabad,20.58,2.9,11
CAR10536,Ford,2026,SUV,Petrol,Manual,2.3,157,21.9,57692,North,Jaipur,18.42,2.99,7
CAR10537,Hyundai,2020,MUV,Hybrid,Manual,3.7,168,27.9,66173,West,Kolkata,18.5,1.76,3
CAR10538,Honda,2021,Sedan,Electric,Automatic,4.1,260,30.5,13853,West,Indore,21.22,4.63,3
CAR10539,Volkswagen,2022,Hatchback,Petrol,Automatic,3.0,153,23.8,7810,Central,Chennai,12.79,2.94,2
CAR10540,Toyota,2021,SUV,Petrol,AMT,4.8,330,24.1,66186,South,Jaipur,19.58,2.3,6
CAR10541,Mahindra,2019,SUV,Petrol,CVT,4.7,263,17.6,57791,Central,Bengaluru,17.27,4.13,1
CAR10542,Toyota,2026,SUV,Petrol,Manual,2.8,176,24.9,179794,East,Delhi,29.74,4.63,2
CAR10543,Ford,2026,Sedan,CNG,DCT,1.5,114,31.5,50949,South,Ahmedabad,17.09,4.1,9
CAR10544,Ford,2020,Sedan,Diesel,Automatic,4.0,212,20.5,62629,North,Ahmedabad,18.32,3.44,6
CAR10545,Nissan,2025,SUV,Petrol,Manual,1.8,131,25.2,165161,South,Indore,16.54,2.35,6
CAR10546,Toyota,2020,Sedan,Petrol,CVT,4.3,264,17.1,155460,Central,Indore,15.36,2.43,4
CAR10547,Hyundai,2024,Pickup,CNG,Manual,3.3,168,28.1,14948,West,Mumbai,13.99,2.18,7
CAR10548,Volkswagen,2022,Hatchback,Petrol,Automatic,2.5,106,23.1,20011,West,Pune,10.33,2.24,4
CAR10549,Kia,2021,Sedan,Hybrid,AMT,3.1,134,26.8,21622,Central,Ahmedabad,17.91,3.51,1
CAR10550,Mahindra,2018,Sedan,Petrol,Manual,3.0,180,25.8,85449,South,Pune,12.18,1.63,7
CAR10551,Nissan,2023,SUV,Petrol,CVT,4.7,293,19.0,105201,West,Delhi,21.34,5.05,1
CAR10552,Audi,2020,SUV,Hybrid,Manual,1.7,145,32.2,66506,South,Delhi,72.51,10.93,8
CAR10553,Nissan,2019,SUV,Petrol,CVT,4.7,277,22.7,7269,Central,Pune,13.8,2.24,11
CAR10554,Mercedes-Benz,2018,Pickup,Hybrid,Manual,0.9,14,29.3,40277,East,Jaipur,74.7,14.07,8
CAR10555,Jeep,2026,Sedan,Petrol,Manual,4.0,161,24.2,112555,Central,Mumbai,23.51,4.46,7
CAR10556,Kia,2018,SUV,Hybrid,Automatic,4.7,355,23.1,70188,West,Delhi,19.9,2.39,11
CAR10557,Maruti Suzuki,2024,Hatchback,Hybrid,CVT,2.5,151,31.6,26620,West,Kolkata,8.47,1.55,3
CAR10558,Skoda,2025,Sedan,Hybrid,Manual,1.1,64,32.6,118973,Central,Chennai,18.84,4.3,9
CAR10559,Maruti Suzuki,2017,SUV,Petrol,CVT,4.2,263,17.2,112340,West,Indore,9.04,0.87,3
CAR10560,Nissan,2022,Hatchback,Hybrid,Manual,4.3,201,30.6,90803,South,Indore,12.44,2.74,1
CAR10561,Volkswagen,2022,SUV,CNG,Automatic,2.2,126,35.0,169532,East,Hyderabad,17.24,2.08,3
CAR10562,Toyota,2020,SUV,Petrol,Automatic,3.0,234,22.1,152758,East,Indore,22.08,5.25,6
CAR10563,Kia,2023,MUV,Petrol,Manual,4.2,247,20.9,11961,North,Bengaluru,19.57,3.63,1
CAR10564,Ford,2021,SUV,Electric,DCT,1.6,94,35.0,163365,East,Indore,22.89,3.72,4
CAR10565,Skoda,2021,SUV,Petrol,Automatic,3.4,181,27.0,13682,East,Kolkata,18.11,4.27,1
CAR10566,BMW,2021,Sedan,Hybrid,AMT,2.6,130,24.4,89331,South,Kolkata,79.34,10.31,3
CAR10567,BMW,2025,Hatchback,Hybrid,Automatic,1.5,75,34.5,162794,North,Delhi,45.16,9.07,8
CAR10568,BMW,2023,Hatchback,Petrol,Automatic,4.3,288,17.5,176802,East,Mumbai,40.52,6.44,2
CAR10569,Tata,2020,SUV,Diesel,Automatic,2.2,141,17.7,8951,East,Mumbai,14.05,1.7,3
CAR10570,Volkswagen,2026,Pickup,Diesel,CVT,4.7,229,17.6,17603,North,Kolkata,23.37,3.54,2
CAR10571,Jeep,2025,Hatchback,Petrol,AMT,3.2,175,27.9,47225,West,Mumbai,21.76,3.74,5
CAR10572,Hyundai,2026,SUV,CNG,Automatic,3.0,197,25.8,53359,North,Mumbai,18.75,3.55,9
CAR10573,Mercedes-Benz,2024,MUV,Petrol,Automatic,2.6,111,26.1,53903,North,Pune,79.64,18.57,6
CAR10574,Toyota,2020,Coupe,Petrol,Automatic,2.5,183,27.6,77924,East,Jaipur,25.38,2.62,3
CAR10575,Toyota,2024,SUV,Electric,Automatic,4.2,286,31.9,60793,South,Delhi,31.49,4.76,4
CAR10576,Audi,2020,SUV,Petrol,Automatic,3.6,226,21.7,106972,Central,Hyderabad,74.11,10.77,8
CAR10577,Skoda,2019,SUV,Electric,Automatic,4.0,225,27.3,154446,North,Indore,26.05,4.53,6
CAR10578,Kia,2021,Coupe,Petrol,AMT,2.6,165,21.6,100537,South,Kolkata,18.96,3.49,6
CAR10579,Skoda,2026,Hatchback,Diesel,DCT,1.9,63,28.2,63086,West,Mumbai,13.81,3.22,10
CAR10580,Honda,2022,Pickup,Petrol,DCT,1.2,63,27.3,104395,South,Delhi,12.68,2.72,10
CAR10581,Honda,2020,Hatchback,Hybrid,CVT,4.1,233,28.3,113576,Central,Indore,12.86,2.27,3
CAR10582,Nissan,2021,Coupe,Electric,Automatic,2.5,150,35.0,161843,West,Kolkata,24.08,4.91,8
CAR10583,Honda,2019,Hatchback,Electric,AMT,2.9,208,35.0,170797,Central,Mumbai,14.32,3.34,9
CAR10584,Toyota,2023,Hatchback,CNG,Manual,2.8,174,27.0,53573,Central,Jaipur,13.25,2.09,10
CAR10585,Hyundai,2020,Hatchback,Hybrid,Automatic,2.6,98,35.0,165696,North,Jaipur,11.35,1.93,3
CAR10586,Skoda,2022,SUV,Hybrid,Manual,3.7,184,28.5,147949,East,Ahmedabad,25.8,4.56,9
CAR10587,Mahindra,2020,Sedan,Diesel,Manual,3.4,162,26.9,27430,West,Delhi,13.8,1.69,3
CAR10588,Honda,2020,Hatchback,CNG,DCT,4.9,309,19.6,102650,North,Delhi,10.51,1.58,5
CAR10589,Nissan,2026,SUV,Diesel,CVT,1.4,124,27.2,31636,East,Bengaluru,18.91,4.53,1
CAR10590,Nissan,2020,Sedan,CNG,Automatic,3.2,217,26.1,90835,West,Mumbai,9.57,1.2,7
CAR10591,Nissan,2017,MUV,Petrol,Manual,1.1,61,27.8,12825,West,Hyderabad,12.98,2.18,8
CAR10592,Skoda,2020,Pickup,Diesel,AMT,4.2,226,23.6,57397,East,Chennai,20.1,3.27,5
CAR10593,BMW,2022,SUV,Hybrid,Automatic,3.4,181,30.0,107915,Central,Ahmedabad,81.57,8.69,5
CAR10594,Jeep,2017,Hatchback,Petrol,CVT,2.6,152,27.4,58212,West,Mumbai,13.24,2.96,3
CAR10595,Mercedes-Benz,2020,Sedan,Petrol,DCT,4.2,226,17.9,6762,North,Ahmedabad,68.91,10.34,9
CAR10596,Nissan,2018,Pickup,CNG,Automatic,2.7,143,26.1,72983,South,Indore,11.16,2.21,11
CAR10597,Volkswagen,2022,Hatchback,Diesel,Manual,1.8,139,25.7,99705,Central,Mumbai,12.9,3.02,2
CAR10598,Maruti Suzuki,2024,Sedan,Petrol,Manual,2.8,151,23.2,138614,North,Pune,9.22,1.61,4
CAR10599,Tata,2026,Pickup,Petrol,Manual,1.1,94,26.8,28878,North,Hyderabad,15.26,3.01,7
CAR10600,Tata,2020,Pickup,Petrol,Automatic,4.6,213,16.1,88428,South,Delhi,11.95,2.87,5
CAR10601,Tata,2025,Sedan,Diesel,Manual,3.9,282,24.2,39781,Central,Bengaluru,15.41,2.56,1
CAR10602,Maruti Suzuki,2019,SUV,CNG,Manual,4.0,236,24.3,31920,West,Ahmedabad,9.01,1.74,1
CAR10603,Maruti Suzuki,2024,SUV,CNG,Manual,4.5,290,28.5,26345,North,Jaipur,10.35,1.81,3
CAR10604,Ford,2022,MUV,Hybrid,Manual,4.1,247,27.2,137976,South,Chennai,26.27,6.26,11
CAR10605,Nissan,2024,Hatchback,Hybrid,AMT,2.6,131,32.7,165917,Central,Mumbai,11.32,2.03,7
CAR10606,Volkswagen,2024,Hatchback,Petrol,Manual,1.3,92,28.6,121091,South,Bengaluru,13.88,2.35,3
CAR10607,Mercedes-Benz,2022,SUV,Electric,CVT,2.4,179,33.8,71207,East,Jaipur,101.0,17.18,1
CAR10608,Kia,2019,Sedan,Petrol,Manual,4.7,241,19.8,171116,East,Hyderabad,11.39,1.51,9
CAR10609,Jeep,2022,SUV,Petrol,Manual,4.8,271,24.3,92002,West,Kolkata,32.12,2.93,5
CAR10610,Nissan,2025,Sedan,CNG,Manual,4.0,221,26.2,97647,West,Delhi,13.98,3.3,5
CAR10611,Nissan,2026,Convertible,Electric,AMT,1.7,91,35.0,116041,Central,Ahmedabad,31.03,5.6,7
CAR10612,Hyundai,2026,Coupe,Petrol,Manual,1.6,158,28.2,119523,North,Kolkata,22.21,2.48,3
CAR10613,Maruti Suzuki,2018,SUV,Hybrid,Automatic,4.5,290,27.1,91128,East,Hyderabad,13.16,1.92,9
CAR10614,Audi,2022,MUV,Diesel,Manual,1.4,75,27.2,88882,West,Jaipur,62.43,5.77,4
CAR10615,Mahindra,2018,Sedan,Petrol,DCT,3.3,197,23.7,60637,East,Hyderabad,13.2,1.76,8
CAR10616,Tata,2023,SUV,Petrol,Manual,2.4,106,26.5,124136,West,Indore,14.08,1.85,6
CAR10617,BMW,2026,Hatchback,Petrol,Automatic,2.1,100,20.9,122661,West,Hyderabad,41.51,9.49,2
CAR10618,BMW,2017,Convertible,Diesel,CVT,3.6,205,22.1,81320,South,Chennai,65.71,13.06,7
CAR10619,Toyota,2023,Coupe,Diesel,Manual,4.8,327,17.9,129614,North,Indore,28.22,4.3,1
CAR10620,Ford,2026,Pickup,Diesel,Manual,4.1,230,19.0,29124,Central,Pune,23.9,3.86,8
CAR10621,Hyundai,2025,Convertible,Petrol,CVT,2.8,190,27.2,77836,Central,Ahmedabad,22.15,2.78,5
CAR10622,Kia,2020,Pickup,CNG,Manual,2.7,170,26.3,177669,Central,Bengaluru,12.36,1.12,8
CAR10623,Ford,2018,Sedan,Diesel,Manual,4.6,241,14.8,133391,South,Pune,17.58,3.67,3
CAR10624,Hyundai,2026,Pickup,CNG,Automatic,3.2,172,29.7,131063,South,Hyderabad,15.37,2.7,5
CAR10625,Tata,2026,SUV,Petrol,Manual,2.9,195,18.8,156064,South,Mumbai,12.98,1.43,4
CAR10626,BMW,2022,SUV,Diesel,CVT,3.7,217,15.3,111509,North,Bengaluru,81.22,9.28,3
CAR10627,Audi,2026,SUV,Electric,Automatic,1.8,162,35.0,120953,North,Indore,83.14,9.76,4
CAR10628,Audi,2017,Sedan,Petrol,Automatic,1.1,33,27.8,89248,South,Hyderabad,50.79,7.46,1
CAR10629,Kia,2023,Sedan,Petrol,Manual,4.4,250,20.9,149590,Central,Ahmedabad,17.62,1.6,5
CAR10630,Audi,2017,Sedan,Petrol,AMT,3.4,205,20.5,129500,South,Mumbai,42.82,7.98,2
CAR10631,Maruti Suzuki,2026,Hatchback,Petrol,Automatic,1.5,75,22.2,96621,East,Bengaluru,7.56,1.68,6
CAR10632,Mercedes-Benz,2023,SUV,Diesel,Manual,2.1,127,21.4,27185,East,Indore,106.13,23.36,1
CAR10633,Hyundai,2026,Convertible,Petrol,CVT,5.0,273,17.2,146050,South,Kolkata,26.5,4.63,1
CAR10634,Audi,2022,SUV,Petrol,Automatic,3.5,238,17.8,62069,Central,Jaipur,66.61,7.94,5
CAR10635,Ford,2017,SUV,Diesel,AMT,3.5,205,22.5,67829,North,Jaipur,21.9,3.77,4
CAR10636,Mahindra,2017,SUV,Petrol,Manual,1.1,59,26.0,26822,Central,Chennai,13.28,1.97,10
CAR10637,BMW,2020,SUV,Petrol,Manual,4.9,323,18.8,42982,West,Indore,74.55,13.89,3
CAR10638,Mercedes-Benz,2024,Sedan,Hybrid,AMT,4.5,257,26.7,27054,South,Ahmedabad,77.71,10.32,5
CAR10639,Maruti Suzuki,2018,Coupe,Petrol,AMT,3.1,231,23.7,22057,West,Mumbai,8.97,1.95,3
CAR10640,Jeep,2025,Hatchback,Petrol,Automatic,2.1,134,26.5,8735,East,Delhi,17.73,2.87,10
CAR10641,Mahindra,2019,SUV,Petrol,Manual,3.7,283,20.1,56574,Central,Mumbai,15.21,3.23,9
CAR10642,Skoda,2021,MUV,Petrol,CVT,4.3,264,20.2,137281,North,Ahmedabad,21.9,3.72,2
CAR10643,Nissan,2019,SUV,Diesel,Manual,4.1,232,20.9,156179,North,Mumbai,13.96,2.45,3
CAR10644,Kia,2021,Convertible,Petrol,Automatic,4.9,281,11.0,44779,East,Bengaluru,25.41,3.79,3
CAR10645,Maruti Suzuki,2021,Sedan,Petrol,Automatic,3.5,179,23.5,79175,Central,Kolkata,7.77,1.27,2
CAR10646,Mercedes-Benz,2017,Convertible,CNG,Manual,2.1,104,30.4,150601,North,Mumbai,89.25,8.36,3
CAR10647,Hyundai,2022,MUV,CNG,Manual,2.9,124,29.7,128703,West,Chennai,14.35,1.51,10
CAR10648,Volkswagen,2024,MUV,Petrol,Manual,4.2,224,16.1,163276,Central,Pune,22.19,4.35,6
CAR10649,Jeep,2026,SUV,Petrol,CVT,1.9,143,24.5,78581,East,Indore,26.6,5.9,5
CAR10650,Nissan,2020,Coupe,Diesel,Manual,1.8,132,22.4,34499,Central,Kolkata,20.91,4.82,3
CAR10651,Kia,2025,Pickup,Electric,Automatic,3.8,182,35.0,30064,West,Ahmedabad,25.42,5.35,3
CAR10652,Tata,2025,SUV,Electric,DCT,2.7,135,31.3,129051,South,Hyderabad,20.9,4.32,7
CAR10653,BMW,2026,Coupe,Petrol,Automatic,4.2,319,17.1,9596,Central,Kolkata,109.54,11.69,9
CAR10654,Nissan,2020,MUV,Petrol,Automatic,1.4,85,28.2,85553,West,Hyderabad,13.65,1.38,7
CAR10655,Volkswagen,2025,SUV,Petrol,Automatic,2.2,125,22.8,66826,North,Indore,21.62,4.44,8
CAR10656,Kia,2022,Pickup,CNG,Automatic,1.9,116,27.7,165818,East,Delhi,12.7,1.6,3
CAR10657,Maruti Suzuki,2017,Sedan,CNG,Automatic,3.7,258,28.8,179683,West,Hyderabad,7.05,0.81,11
CAR10658,Tata,2019,SUV,Petrol,DCT,4.0,261,23.2,89773,Central,Delhi,14.02,2.57,10
CAR10659,Honda,2023,Hatchback,Diesel,AMT,2.7,79,25.7,106525,West,Jaipur,13.03,1.42,10
CAR10660,Mercedes-Benz,2018,Sedan,Petrol,Automatic,2.8,220,25.8,71302,East,Pune,62.78,5.76,8
CAR10661,Ford,2021,Coupe,Hybrid,Automatic,1.4,66,32.9,140954,South,Delhi,29.25,2.77,8
CAR10662,Maruti Suzuki,2024,Sedan,CNG,CVT,3.7,198,25.5,56548,North,Pune,7.69,0.99,1
CAR10663,Toyota,2018,Sedan,Diesel,Manual,5.0,247,16.1,135262,North,Kolkata,14.77,2.72,2
CAR10664,BMW,2021,Sedan,Petrol,CVT,4.1,207,20.7,163133,West,Delhi,50.43,10.39,2
CAR10665,Volkswagen,2019,SUV,Diesel,Manual,1.7,126,24.3,35045,Central,Indore,20.16,1.84,6
CAR10666,Mahindra,2022,Coupe,Petrol,AMT,3.4,170,20.5,44581,North,Chennai,16.49,3.27,7
CAR10667,Kia,2019,Pickup,Electric,CVT,2.0,108,35.0,71185,West,Delhi,22.26,3.88,2
CAR10668,Nissan,2026,Hatchback,Petrol,Automatic,0.9,78,31.4,149850,East,Pune,11.43,2.29,9
CAR10669,Skoda,2017,SUV,CNG,Manual,1.6,92,32.4,117167,North,Chennai,14.66,2.43,7
CAR10670,Honda,2026,SUV,Petrol,CVT,1.2,56,32.5,38982,South,Pune,23.44,5.24,7
CAR10671,Jeep,2024,SUV,Petrol,Automatic,1.6,110,24.0,69404,South,Mumbai,24.19,2.87,11
CAR10672,Tata,2025,SUV,Petrol,Automatic,4.1,242,14.6,117594,West,Jaipur,14.93,2.45,7
CAR10673,Tata,2025,Sedan,Petrol,Automatic,2.0,95,27.3,173829,South,Kolkata,14.69,2.6,1
CAR10674,Honda,2018,SUV,Petrol,Automatic,4.0,215,18.1,83936,Central,Kolkata,17.61,3.27,9
CAR10675,Tata,2026,SUV,Hybrid,AMT,4.8,302,24.7,18042,South,Jaipur,25.33,3.88,10
CAR10676,Mahindra,2022,SUV,Petrol,Manual,3.2,216,17.0,23306,North,Hyderabad,17.21,2.12,1
CAR10677,Volkswagen,2026,SUV,Petrol,Automatic,2.8,152,20.6,10034,North,Delhi,27.53,2.88,6
CAR10678,Honda,2025,Coupe,Petrol,CVT,4.0,232,15.9,27038,East,Hyderabad,27.18,3.09,6
CAR10679,Kia,2022,MUV,Petrol,Manual,1.2,69,25.8,77198,East,Pune,16.38,2.84,2
CAR10680,Jeep,2020,Sedan,CNG,Automatic,2.6,119,27.6,54264,West,Chennai,18.15,2.09,4
CAR10681,Mahindra,2018,Coupe,CNG,Automatic,2.9,199,28.3,57679,East,Mumbai,16.11,2.59,10
CAR10682,Ford,2018,Coupe,Petrol,CVT,4.3,308,23.4,139164,North,Delhi,19.77,2.85,5
CAR10683,Jeep,2020,Hatchback,Hybrid,Automatic,4.2,230,29.0,88499,South,Jaipur,19.95,2.77,6
CAR10684,Jeep,2025,SUV,Hybrid,CVT,4.4,237,21.6,132564,East,Delhi,37.62,6.77,9
CAR10685,Ford,2022,Sedan,CNG,Manual,3.7,213,27.9,99839,South,Hyderabad,16.63,2.78,5
CAR10686,Nissan,2021,MUV,Petrol,Automatic,3.0,161,23.1,40896,West,Jaipur,16.38,2.23,10
CAR10687,Hyundai,2019,Sedan,Petrol,DCT,4.3,233,19.4,170946,Central,Chennai,15.55,3.01,6
CAR10688,Volkswagen,2022,SUV,Diesel,CVT,4.5,284,19.1,88335,South,Bengaluru,19.3,2.47,11
CAR10689,Hyundai,2023,Sedan,Electric,Automatic,2.8,171,35.0,151311,East,Ahmedabad,13.94,2.61,2
CAR10690,Maruti Suzuki,2026,SUV,Hybrid,Automatic,4.9,295,23.2,21972,Central,Pune,14.79,2.25,10
CAR10691,Jeep,2024,Pickup,Diesel,Automatic,4.5,246,18.7,153664,South,Delhi,35.85,4.1,2
CAR10692,Maruti Suzuki,2023,Sedan,Petrol,Manual,2.9,211,26.6,130290,East,Hyderabad,8.46,2.0,9
CAR10693,Skoda,2026,Convertible,Hybrid,CVT,1.1,91,32.2,48747,South,Delhi,28.53,5.82,8
CAR10694,Jeep,2021,Pickup,Electric,CVT,1.7,114,34.8,143827,West,Chennai,29.82,4.65,7
CAR10695,Honda,2026,Convertible,Petrol,Automatic,4.1,229,20.0,134951,West,Chennai,26.73,5.99,10
CAR10696,BMW,2020,Hatchback,Hybrid,Manual,1.3,46,30.5,161364,North,Jaipur,39.47,8.26,8
CAR10697,Mahindra,2018,Coupe,Petrol,Automatic,2.8,217,18.1,41699,North,Indore,20.2,2.58,8
CAR10698,Volkswagen,2021,Hatchback,Diesel,Manual,3.3,185,21.0,160005,North,Pune,12.92,3.05,9
CAR10699,Toyota,2018,Sedan,Diesel,AMT,4.5,233,23.5,138364,North,Ahmedabad,17.59,2.61,10
CAR10700,Honda,2018,Convertible,Electric,Automatic,4.4,236,31.3,64131,North,Delhi,28.15,6.61,3
CAR10701,Kia,2025,SUV,CNG,Manual,4.0,221,25.9,66321,West,Delhi,18.29,4.07,10
CAR10702,Tata,2024,SUV,Diesel,Automatic,2.5,189,17.6,49543,Central,Ahmedabad,15.36,2.79,7
CAR10703,Ford,2019,Sedan,Petrol,DCT,1.4,94,28.0,88429,East,Kolkata,13.99,1.33,1
CAR10704,Ford,2025,Coupe,Petrol,Manual,3.6,238,21.6,161903,Central,Hyderabad,26.97,4.26,11
CAR10705,Honda,2017,SUV,Petrol,Automatic,1.6,112,24.2,151595,West,Pune,17.66,3.41,9
CAR10706,Volkswagen,2019,SUV,Petrol,Automatic,3.2,184,22.9,30551,Central,Chennai,21.89,3.9,10
CAR10707,Toyota,2024,Pickup,Petrol,Manual,4.9,216,18.8,27979,West,Pune,19.59,3.03,9
CAR10708,Volkswagen,2020,Sedan,Diesel,Automatic,3.1,135,19.4,15385,North,Ahmedabad,18.44,2.71,4
CAR10709,Kia,2024,Hatchback,Petrol,Automatic,3.5,174,22.6,112459,East,Bengaluru,11.7,2.34,4
CAR10710,Hyundai,2025,SUV,Petrol,Manual,3.6,201,25.0,59992,East,Pune,16.11,3.39,4
CAR10711,Mahindra,2017,Pickup,Electric,Manual,4.3,244,31.0,138147,West,Mumbai,17.18,2.85,5
CAR10712,Kia,2017,Sedan,Petrol,CVT,2.6,163,21.2,138052,West,Chennai,12.48,1.79,1
CAR10713,Mahindra,2026,Sedan,Diesel,Manual,2.9,156,22.5,39599,North,Ahmedabad,15.06,1.77,9
CAR10714,Maruti Suzuki,2022,Hatchback,CNG,Automatic,1.5,118,34.0,126484,West,Indore,5.95,0.9,9
CAR10715,Skoda,2022,Convertible,Diesel,Automatic,3.4,167,18.2,138788,Central,Delhi,25.41,3.46,11
CAR10716,Maruti Suzuki,2021,Sedan,Petrol,CVT,2.0,107,26.9,177734,North,Pune,9.32,1.56,7
CAR10717,Kia,2021,SUV,Petrol,AMT,2.9,183,21.0,131467,East,Hyderabad,14.14,2.19,11
CAR10718,Kia,2023,Pickup,Diesel,CVT,4.0,247,21.1,67918,Central,Pune,19.72,2.85,3
CAR10719,BMW,2022,Hatchback,Diesel,Automatic,0.9,52,26.1,179949,North,Ahmedabad,43.6,8.92,6
CAR10720,Volkswagen,2018,SUV,Petrol,Automatic,3.2,204,20.6,53273,North,Delhi,21.61,2.16,9
CAR10721,Ford,2023,SUV,Diesel,Automatic,1.5,66,31.0,145928,Central,Ahmedabad,18.88,3.55,9
CAR10722,Skoda,2023,Coupe,Diesel,Automatic,2.0,123,21.0,71186,North,Bengaluru,27.0,4.03,9
CAR10723,Nissan,2018,Sedan,Petrol,Automatic,0.9,77,29.3,168629,West,Mumbai,10.96,1.71,6
CAR10724,Honda,2020,Sedan,Diesel,Manual,1.5,31,31.6,141894,Central,Kolkata,11.62,1.3,1
CAR10725,Maruti Suzuki,2024,Hatchback,Petrol,Automatic,4.9,303,20.3,109945,East,Delhi,6.95,1.55,10
CAR10726,Honda,2023,MUV,Petrol,Automatic,5.0,287,14.0,42502,East,Pune,21.88,2.35,5
CAR10727,Mahindra,2018,MUV,Electric,Manual,3.8,190,29.0,37976,East,Hyderabad,15.07,3.31,8
CAR10728,Honda,2017,Hatchback,Petrol,Manual,3.4,166,19.6,170855,South,Hyderabad,12.2,2.66,2
CAR10729,Kia,2022,Sedan,Diesel,AMT,4.1,273,20.6,145292,South,Delhi,17.7,1.96,11
CAR10730,Tata,2021,Pickup,Petrol,Automatic,4.6,288,19.6,94696,East,Ahmedabad,16.63,3.35,3
CAR10731,Mahindra,2026,Hatchback,Petrol,CVT,3.0,162,19.0,158546,Central,Delhi,12.84,1.9,11
CAR10732,Hyundai,2022,Sedan,CNG,Automatic,0.9,53,30.2,142050,Central,Bengaluru,9.77,1.67,8
CAR10733,Skoda,2026,SUV,Petrol,CVT,3.8,218,18.4,72849,Central,Chennai,22.41,2.24,4
CAR10734,Maruti Suzuki,2019,Sedan,Petrol,AMT,4.9,273,17.7,149770,North,Ahmedabad,6.29,0.77,5
CAR10735,BMW,2021,Sedan,CNG,Manual,1.9,88,35.0,144306,South,Kolkata,43.86,8.32,11
CAR10736,Mahindra,2018,SUV,Hybrid,DCT,2.7,172,27.7,88792,West,Jaipur,19.28,2.27,7
CAR10737,Mahindra,2022,Hatchback,Hybrid,Manual,2.3,172,28.5,8410,East,Indore,11.84,2.44,8
CAR10738,Audi,2018,SUV,Petrol,Automatic,2.4,155,20.8,134739,South,Ahmedabad,54.49,8.05,7
CAR10739,Maruti Suzuki,2021,SUV,Petrol,AMT,3.8,208,22.8,64436,South,Delhi,10.78,1.37,3
CAR10740,Skoda,2020,SUV,Diesel,Automatic,2.4,123,24.1,68821,North,Ahmedabad,20.62,2.77,2
CAR10741,Nissan,2018,Hatchback,Petrol,Automatic,4.8,267,15.8,129885,South,Bengaluru,10.11,1.43,1
CAR10742,Maruti Suzuki,2017,Coupe,Petrol,Automatic,4.1,241,19.1,146912,East,Jaipur,7.91,0.91,5
CAR10743,Tata,2022,Hatchback,Electric,Manual,0.9,56,35.0,20377,East,Indore,8.81,1.38,8
CAR10744,Mercedes-Benz,2026,MUV,Petrol,Manual,4.2,191,20.8,149183,East,Delhi,106.58,10.74,4
CAR10745,Maruti Suzuki,2018,Sedan,Petrol,Manual,4.0,237,28.5,56255,South,Delhi,8.59,1.88,3
CAR10746,Audi,2021,MUV,Petrol,Manual,3.0,138,24.5,104086,South,Pune,57.11,10.66,5
CAR10747,Kia,2019,Sedan,Diesel,Automatic,2.9,161,22.8,156991,Central,Mumbai,16.45,2.02,3
CAR10748,Mercedes-Benz,2025,Hatchback,Diesel,Automatic,4.3,228,17.7,43175,East,Indore,53.56,10.38,5
CAR10749,Mercedes-Benz,2021,SUV,Electric,Automatic,2.6,211,31.7,43665,South,Hyderabad,111.83,19.41,7
CAR10750,Ford,2026,Hatchback,Petrol,AMT,1.5,87,28.6,174789,West,Hyderabad,12.88,1.6,3
CAR10751,Jeep,2019,Sedan,Petrol,Manual,2.1,164,27.0,70277,East,Jaipur,22.07,3.51,1
CAR10752,Ford,2017,MUV,Diesel,Manual,1.9,119,24.0,170721,East,Bengaluru,13.0,2.75,2
CAR10753,Honda,2022,Coupe,Petrol,AMT,3.7,274,24.8,67503,South,Hyderabad,23.32,4.99,5
CAR10754,Jeep,2023,Hatchback,Diesel,CVT,1.6,83,26.2,113468,West,Indore,19.66,3.83,2
CAR10755,Volkswagen,2026,Convertible,CNG,Automatic,3.5,201,28.9,94291,North,Delhi,30.95,6.02,9
CAR10756,Hyundai,2025,MUV,Diesel,Manual,2.8,184,24.2,177179,Central,Mumbai,19.99,4.39,2
CAR10757,Maruti Suzuki,2025,Convertible,Petrol,AMT,4.3,259,19.1,101296,East,Mumbai,17.84,2.05,1
CAR10758,Audi,2023,SUV,CNG,CVT,2.8,192,25.4,92989,East,Chennai,57.58,11.38,7
CAR10759,Honda,2020,SUV,Petrol,Automatic,4.7,275,18.3,86604,South,Mumbai,22.14,2.65,7
CAR10760,Mahindra,2021,SUV,CNG,Manual,4.6,274,26.5,70709,East,Mumbai,13.64,1.28,8
CAR10761,Ford,2018,SUV,Diesel,Manual,1.6,141,24.6,82012,West,Jaipur,18.04,3.43,2
CAR10762,Volkswagen,2021,Pickup,Diesel,Automatic,3.7,237,22.4,85588,East,Kolkata,23.69,2.24,8
CAR10763,Jeep,2020,Hatchback,CNG,CVT,1.7,79,27.7,138637,North,Chennai,13.12,2.77,10
CAR10764,Jeep,2017,Sedan,Diesel,Automatic,4.3,218,22.0,13033,East,Kolkata,23.46,3.35,7
CAR10765,Audi,2019,Hatchback,Diesel,Manual,3.5,170,22.5,92670,South,Indore,35.19,3.21,5
CAR10766,Maruti Suzuki,2022,Pickup,Petrol,Automatic,2.0,131,21.6,101096,North,Kolkata,9.14,1.09,6
CAR10767,Tata,2020,SUV,Hybrid,CVT,1.8,101,32.0,136809,Central,Kolkata,16.15,3.32,9
CAR10768,Kia,2026,SUV,Diesel,Automatic,2.6,188,26.6,121590,South,Indore,20.01,4.03,2
CAR10769,Ford,2021,Coupe,Petrol,CVT,4.2,280,16.1,80585,East,Delhi,23.26,4.67,8
CAR10770,Audi,2026,Pickup,Hybrid,Automatic,4.1,212,23.9,24165,North,Kolkata,85.22,8.4,3
CAR10771,Tata,2023,Hatchback,Diesel,Automatic,0.9,89,27.6,70111,South,Ahmedabad,8.87,1.8,10
CAR10772,Jeep,2017,MUV,Petrol,Automatic,2.1,79,31.4,49729,South,Hyderabad,18.81,3.08,2
CAR10773,Toyota,2019,Convertible,Petrol,Automatic,2.6,184,21.7,40720,North,Jaipur,27.56,5.17,6
CAR10774,Mahindra,2024,Hatchback,Diesel,DCT,3.3,189,23.6,131207,Central,Jaipur,10.68,1.98,5
CAR10775,Nissan,2022,MUV,Petrol,Automatic,1.4,25,27.4,88673,South,Chennai,12.27,2.19,6
CAR10776,Jeep,2020,Sedan,Petrol,Automatic,2.2,161,23.0,143878,East,Jaipur,14.94,2.81,5
CAR10777,Hyundai,2022,SUV,Diesel,Automatic,4.5,297,19.7,29221,East,Bengaluru,16.93,2.54,1
CAR10778,Honda,2026,SUV,Petrol,Automatic,2.8,168,21.9,177526,East,Bengaluru,19.76,3.48,10
CAR10779,Mercedes-Benz,2020,Sedan,Petrol,Automatic,3.9,190,19.6,87836,East,Indore,55.34,9.62,6
CAR10780,Nissan,2017,Hatchback,Hybrid,AMT,2.8,115,25.3,49314,East,Delhi,10.73,1.76,7
CAR10781,Skoda,2020,Hatchback,Petrol,Automatic,2.8,214,23.2,68506,North,Chennai,13.79,2.57,6
CAR10782,Tata,2026,Hatchback,CNG,Automatic,3.4,164,29.5,152251,West,Pune,7.87,1.0,6
CAR10783,Honda,2024,SUV,CNG,Automatic,1.9,98,30.6,129245,North,Kolkata,19.69,3.24,7
CAR10784,Honda,2025,Sedan,Diesel,Manual,1.8,106,29.0,35118,East,Jaipur,19.82,3.24,5
CAR10785,Kia,2026,Sedan,CNG,Automatic,5.0,234,24.7,178272,South,Bengaluru,16.86,3.52,2
CAR10786,Volkswagen,2018,SUV,Electric,Automatic,4.4,242,31.3,27903,East,Hyderabad,28.54,6.72,1
CAR10787,Toyota,2019,SUV,Petrol,Automatic,3.9,264,18.8,53190,North,Mumbai,22.0,2.61,6
CAR10788,Mahindra,2017,SUV,Hybrid,AMT,1.4,114,32.2,132610,West,Bengaluru,13.99,1.56,3
CAR10789,Volkswagen,2017,Pickup,Petrol,AMT,0.9,40,23.4,97701,East,Mumbai,14.96,3.05,5
CAR10790,Toyota,2025,Sedan,Hybrid,CVT,1.5,83,32.6,83027,North,Ahmedabad,22.61,4.21,7
CAR10791,Honda,2026,Coupe,Diesel,Automatic,4.7,282,19.2,167098,North,Bengaluru,25.61,4.77,7
CAR10792,Hyundai,2018,Hatchback,Petrol,Automatic,4.2,229,25.1,143936,East,Pune,7.92,1.09,2
CAR10793,Mahindra,2024,MUV,Petrol,AMT,3.0,146,24.4,173378,West,Chennai,13.29,2.82,8
CAR10794,Nissan,2022,Pickup,CNG,Automatic,4.9,255,20.6,54448,East,Hyderabad,14.72,1.37,11
CAR10795,Hyundai,2017,Coupe,Petrol,Automatic,1.4,97,22.3,153863,West,Jaipur,14.1,3.25,4
CAR10796,Mercedes-Benz,2026,SUV,Petrol,Automatic,3.1,177,21.9,42308,West,Jaipur,80.01,7.52,2
CAR10797,Jeep,2025,SUV,Petrol,AMT,1.6,139,28.6,146029,Central,Delhi,31.24,7.18,6
CAR10798,Hyundai,2022,Sedan,Diesel,Manual,2.1,135,24.3,101039,Central,Ahmedabad,11.39,2.19,7
CAR10799,Mercedes-Benz,2024,SUV,Electric,Automatic,4.7,260,32.3,109629,Central,Indore,93.58,18.94,5
CAR10800,Hyundai,2020,MUV,Hybrid,Manual,4.4,212,25.9,25179,West,Pune,18.13,3.65,7
CAR10801,Toyota,2024,Pickup,Diesel,Automatic,1.2,62,29.3,158856,East,Mumbai,21.41,1.94,9
CAR10802,Mercedes-Benz,2021,SUV,Petrol,Automatic,1.8,178,20.9,53781,East,Pune,73.67,12.62,7
CAR10803,Kia,2026,Hatchback,Petrol,Automatic,3.3,156,26.9,109672,West,Pune,12.0,2.66,9
CAR10804,Skoda,2017,SUV,Diesel,Automatic,1.1,81,24.0,34091,North,Pune,15.74,1.46,2
CAR10805,Maruti Suzuki,2018,Hatchback,Electric,CVT,3.1,173,35.0,167039,West,Kolkata,6.84,1.39,4
CAR10806,Maruti Suzuki,2026,Sedan,Hybrid,AMT,3.3,179,28.3,61008,East,Hyderabad,10.53,2.41,7
CAR10807,Volkswagen,2019,Sedan,Petrol,Automatic,2.0,99,24.9,138476,East,Pune,15.01,3.55,3
CAR10808,Honda,2020,MUV,Diesel,DCT,2.0,139,24.5,138962,Central,Kolkata,17.72,3.02,11
CAR10809,Audi,2024,Hatchback,Diesel,Automatic,1.8,110,26.4,101303,West,Ahmedabad,45.98,4.7,8
CAR10810,Jeep,2018,Hatchback,Diesel,AMT,4.7,280,20.1,26129,Central,Ahmedabad,15.22,3.61,5
CAR10811,Toyota,2022,Hatchback,Diesel,Manual,2.4,147,27.4,53983,Central,Chennai,14.78,1.94,9
CAR10812,Skoda,2019,Convertible,Hybrid,Manual,3.3,204,33.3,112077,Central,Pune,29.36,5.9,11
CAR10813,Mahindra,2018,SUV,Diesel,Automatic,2.1,180,26.0,98780,South,Ahmedabad,15.91,3.3,1
CAR10814,Mercedes-Benz,2026,Hatchback,CNG,Manual,3.8,242,31.0,107334,North,Kolkata,50.3,6.76,7
CAR10815,Maruti Suzuki,2018,Hatchback,Diesel,Automatic,1.2,124,27.4,48644,South,Ahmedabad,5.91,0.76,5
CAR10816,Nissan,2017,SUV,Petrol,Manual,1.1,116,30.6,99172,West,Mumbai,10.91,1.7,9
CAR10817,Toyota,2023,Sedan,Petrol,Automatic,3.9,198,21.9,19931,Central,Chennai,17.24,3.61,4
CAR10818,Honda,2025,SUV,Diesel,Manual,3.9,261,19.0,89743,Central,Ahmedabad,22.28,5.33,4
CAR10819,Tata,2018,SUV,Diesel,Manual,1.9,147,26.0,20995,West,Jaipur,11.61,1.5,9
CAR10820,Jeep,2024,Pickup,Diesel,DCT,2.3,175,26.0,121175,West,Pune,29.1,4.37,10
CAR10821,Toyota,2022,Sedan,Hybrid,Automatic,4.8,240,25.4,104189,Central,Pune,22.76,4.02,2
CAR10822,Tata,2025,SUV,Petrol,DCT,1.2,105,28.4,154066,West,Chennai,12.52,2.6,7
CAR10823,Ford,2018,Hatchback,Hybrid,Automatic,1.6,71,35.0,85859,North,Ahmedabad,11.41,1.43,9
CAR10824,Tata,2026,Pickup,Hybrid,Manual,2.6,156,30.7,33356,East,Chennai,15.27,3.5,2
CAR10825,Tata,2023,Pickup,Petrol,Automatic,2.0,105,16.4,46164,South,Delhi,15.17,2.18,8
CAR10826,Honda,2025,MUV,Petrol,Automatic,3.5,204,26.6,147472,West,Bengaluru,19.81,2.71,11
CAR10827,Mahindra,2020,SUV,Petrol,Manual,3.7,193,20.2,172690,West,Pune,16.01,3.31,10
CAR10828,Skoda,2026,Sedan,Petrol,CVT,3.0,185,20.3,15758,South,Indore,20.46,3.43,3
CAR10829,Nissan,2023,Coupe,Electric,Automatic,3.4,227,30.5,123372,South,Kolkata,27.35,4.43,11
CAR10830,Toyota,2018,MUV,CNG,AMT,2.6,147,27.8,89371,North,Jaipur,18.64,2.82,4
CAR10831,BMW,2026,Sedan,Diesel,Automatic,4.0,269,18.7,50123,South,Ahmedabad,61.39,6.44,6
CAR10832,BMW,2024,SUV,Petrol,Automatic,1.0,70,25.4,94506,Central,Hyderabad,72.85,11.51,4
CAR10833,Hyundai,2020,SUV,Hybrid,Manual,2.1,149,29.9,168763,West,Jaipur,20.34,4.68,8
CAR10834,Ford,2022,Coupe,Hybrid,DCT,3.7,241,29.7,39577,Central,Kolkata,29.4,5.53,2
CAR10835,Nissan,2020,SUV,Petrol,Automatic,2.2,151,30.8,20692,Central,Kolkata,14.65,2.14,8
CAR10836,Maruti Suzuki,2022,SUV,Electric,Manual,1.1,141,35.0,131110,Central,Ahmedabad,9.33,1.77,1
CAR10837,Nissan,2026,SUV,Petrol,Manual,2.2,148,28.1,18109,North,Pune,16.8,2.1,10
CAR10838,Ford,2025,Sedan,Petrol,Automatic,3.8,195,19.7,15618,South,Hyderabad,17.46,3.69,4
CAR10839,Toyota,2019,Sedan,Petrol,DCT,1.3,118,27.2,11515,North,Kolkata,16.55,3.62,6
CAR10840,Skoda,2026,Hatchback,Petrol,CVT,3.8,201,22.2,145834,North,Indore,14.67,3.01,3
CAR10841,Mercedes-Benz,2021,MUV,CNG,AMT,4.1,185,23.2,105378,South,Delhi,67.02,7.28,2
CAR10842,Tata,2024,SUV,Diesel,DCT,3.5,199,20.3,125814,South,Delhi,19.47,2.68,1
CAR10843,Skoda,2024,SUV,Petrol,AMT,1.8,93,28.2,32208,North,Kolkata,21.28,3.45,11
CAR10844,Toyota,2021,Sedan,Diesel,Automatic,4.2,186,23.2,166257,Central,Delhi,15.76,3.07,2
CAR10845,Toyota,2021,Sedan,Petrol,Automatic,1.7,84,26.1,146523,East,Chennai,20.55,2.1,1
CAR10846,Toyota,2021,SUV,Petrol,Manual,4.6,276,15.4,90510,West,Hyderabad,19.76,2.11,6
CAR10847,Ford,2025,Sedan,Petrol,Manual,3.8,239,20.0,162316,West,Kolkata,15.97,2.88,11
CAR10848,Toyota,2020,Hatchback,Hybrid,Automatic,1.0,71,30.3,30029,Central,Bengaluru,13.14,1.67,1
CAR10849,Nissan,2019,MUV,Petrol,Manual,4.2,246,20.1,56171,North,Bengaluru,13.26,1.37,3
CAR10850,Tata,2020,Sedan,Electric,DCT,2.9,137,35.0,13474,South,Pune,12.52,2.42,7
CAR10851,Jeep,2018,Sedan,Petrol,DCT,2.7,171,22.7,33781,South,Indore,19.81,3.78,6
CAR10852,Nissan,2020,SUV,Hybrid,Automatic,2.6,203,31.5,152258,East,Ahmedabad,17.82,2.82,2
CAR10853,Jeep,2018,Coupe,Electric,AMT,3.3,226,35.0,76682,East,Hyderabad,34.6,6.18,11
CAR10854,BMW,2017,Sedan,Petrol,Automatic,3.8,220,21.7,117930,West,Mumbai,50.78,6.39,4
CAR10855,Mercedes-Benz,2024,MUV,Petrol,Manual,4.6,221,15.4,159274,East,Bengaluru,67.25,10.72,8
CAR10856,Nissan,2017,Pickup,CNG,Automatic,1.9,131,29.7,138703,South,Kolkata,10.0,2.08,6
CAR10857,BMW,2022,SUV,Diesel,Manual,3.4,257,23.1,74968,East,Bengaluru,70.12,13.08,7
CAR10858,Toyota,2024,SUV,Diesel,Automatic,3.7,237,25.9,65950,Central,Pune,24.1,3.36,10
CAR10859,Mahindra,2024,MUV,Petrol,Manual,3.6,183,20.5,23958,East,Chennai,17.28,4.01,4
CAR10860,Nissan,2021,SUV,Petrol,Manual,2.9,180,24.7,150190,East,Jaipur,19.39,3.66,9
CAR10861,Jeep,2018,Sedan,Diesel,Manual,2.4,121,26.9,177316,North,Bengaluru,17.94,4.26,4
CAR10862,Skoda,2026,SUV,CNG,CVT,4.0,236,24.8,92528,North,Kolkata,19.18,2.24,4
CAR10863,Honda,2025,Sedan,Petrol,Manual,2.1,132,28.4,92443,South,Ahmedabad,14.77,3.29,1
CAR10864,Maruti Suzuki,2023,Hatchback,Electric,Automatic,1.7,100,35.0,153465,North,Bengaluru,9.89,2.26,4
CAR10865,Nissan,2017,Sedan,Hybrid,Automatic,3.1,196,33.7,64915,East,Ahmedabad,14.9,1.82,7
CAR10866,Mahindra,2017,Hatchback,Petrol,Automatic,1.9,114,26.8,76146,Central,Hyderabad,9.33,2.11,8
CAR10867,Nissan,2020,Sedan,Petrol,Automatic,0.9,28,34.9,161383,East,Pune,9.99,1.37,5
CAR10868,Nissan,2018,SUV,Petrol,Manual,1.0,67,25.8,71386,West,Kolkata,14.35,2.63,4
CAR10869,Hyundai,2025,Pickup,Diesel,Automatic,3.7,189,27.5,167295,Central,Indore,17.16,2.0,3
CAR10870,Toyota,2019,Hatchback,Diesel,Automatic,4.9,265,20.5,33245,West,Ahmedabad,13.77,2.93,10
CAR10871,Hyundai,2019,SUV,Diesel,AMT,2.7,218,27.5,91940,West,Mumbai,13.44,3.06,5
CAR10872,BMW,2026,SUV,Petrol,Automatic,1.4,151,25.7,90705,West,Hyderabad,72.67,14.95,4
CAR10873,Honda,2025,Hatchback,Hybrid,Automatic,4.2,252,29.5,58675,South,Indore,15.3,1.53,11
CAR10874,Honda,2019,Sedan,Diesel,Automatic,1.9,107,29.7,173529,East,Bengaluru,11.9,1.38,8
CAR10875,Mahindra,2020,Hatchback,Diesel,Manual,5.0,241,14.7,89460,South,Hyderabad,12.18,2.4,10
CAR10876,Kia,2022,Sedan,Diesel,Automatic,3.2,182,21.8,158828,West,Ahmedabad,17.13,3.58,5
CAR10877,Volkswagen,2023,Sedan,Petrol,Manual,1.8,79,19.3,43374,East,Bengaluru,15.64,3.39,5
CAR10878,Maruti Suzuki,2026,Sedan,Hybrid,Automatic,2.9,200,29.5,66067,Central,Hyderabad,13.06,2.7,9
CAR10879,Volkswagen,2025,SUV,Petrol,Automatic,2.2,106,22.3,88691,North,Hyderabad,22.68,4.75,11
CAR10880,Tata,2026,Hatchback,Petrol,Manual,4.1,235,19.5,103698,North,Mumbai,13.07,1.4,9
CAR10881,Honda,2017,Hatchback,Petrol,Manual,1.2,44,35.0,45150,West,Mumbai,9.99,2.37,6
CAR10882,Nissan,2019,Hatchback,Diesel,Automatic,4.4,242,24.6,59793,West,Hyderabad,10.1,1.09,7
CAR10883,Hyundai,2022,SUV,Diesel,Automatic,4.0,262,16.1,113885,West,Mumbai,17.85,4.17,4
CAR10884,Ford,2017,Sedan,Petrol,CVT,4.4,268,21.1,53737,South,Indore,13.3,1.54,6
CAR10885,Nissan,2020,SUV,Electric,DCT,4.6,276,33.4,137980,North,Hyderabad,23.42,4.13,5
CAR10886,Maruti Suzuki,2018,Sedan,Electric,DCT,1.8,118,35.0,88496,South,Ahmedabad,9.48,2.17,2
CAR10887,Toyota,2026,Hatchback,Petrol,Automatic,3.0,148,23.3,174649,East,Chennai,13.5,1.62,10
CAR10888,Ford,2017,Pickup,Hybrid,Manual,4.4,248,27.3,46597,East,Bengaluru,20.34,4.1,2
CAR10889,Toyota,2018,Hatchback,Petrol,Automatic,2.4,157,20.2,152449,Central,Kolkata,11.4,1.23,3
CAR10890,Mercedes-Benz,2018,Hatchback,CNG,Automatic,1.1,69,29.3,90782,Central,Ahmedabad,27.97,3.56,3
CAR10891,Honda,2018,Hatchback,Petrol,Automatic,2.0,97,25.7,20073,West,Chennai,8.91,0.83,3
CAR10892,Mahindra,2022,Pickup,Petrol,Automatic,1.8,92,26.0,128402,North,Bengaluru,15.67,1.81,6
CAR10893,Kia,2020,SUV,Diesel,Manual,4.5,298,17.1,42016,North,Mumbai,15.87,3.24,11
CAR10894,Jeep,2026,SUV,Petrol,Manual,2.7,146,21.1,29241,East,Hyderabad,25.07,4.48,4
CAR10895,Maruti Suzuki,2019,Pickup,Hybrid,Manual,3.7,180,27.9,98046,West,Pune,9.7,1.31,9
CAR10896,Tata,2022,Hatchback,Diesel,Manual,4.8,279,21.1,142528,West,Hyderabad,10.14,1.95,9
CAR10897,Kia,2023,Pickup,Petrol,DCT,2.1,105,24.7,50078,South,Bengaluru,18.21,2.88,9
CAR10898,Toyota,2023,Sedan,Diesel,Manual,4.0,184,25.3,114032,North,Bengaluru,21.35,4.36,7
CAR10899,Honda,2024,SUV,CNG,Automatic,0.9,108,30.8,7513,South,Chennai,17.04,2.4,9
CAR10900,Tata,2019,SUV,Electric,DCT,1.2,64,35.0,37306,West,Chennai,14.31,2.7,9
CAR10901,Toyota,2022,Sedan,Diesel,Automatic,1.5,78,25.3,137088,Central,Bengaluru,13.66,3.17,8
CAR10902,Toyota,2025,Pickup,Petrol,Automatic,2.1,100,26.7,7254,Central,Indore,20.87,1.98,7
CAR10903,BMW,2025,Hatchback,Petrol,AMT,2.5,130,21.7,67610,East,Chennai,46.81,5.31,2
CAR10904,Skoda,2023,Pickup,CNG,Manual,2.8,132,34.1,93873,North,Bengaluru,19.25,3.74,6
CAR10905,Hyundai,2023,Sedan,Hybrid,Automatic,1.8,117,27.6,16567,Central,Pune,14.36,3.17,9
CAR10906,Mahindra,2025,SUV,Diesel,CVT,1.1,88,32.5,176247,North,Jaipur,18.82,2.44,4
CAR10907,Hyundai,2023,Pickup,CNG,AMT,3.6,223,26.6,94046,South,Kolkata,14.48,3.0,3
CAR10908,Ford,2026,Hatchback,Petrol,CVT,0.9,34,29.5,64251,Central,Pune,12.53,1.87,7
CAR10909,Audi,2018,Pickup,Hybrid,DCT,4.2,284,30.9,176011,East,Delhi,76.36,9.4,2
CAR10910,Honda,2020,SUV,Petrol,Automatic,4.7,236,21.3,102740,North,Hyderabad,17.58,3.5,8
CAR10911,Maruti Suzuki,2018,SUV,Petrol,AMT,3.8,194,18.7,123744,East,Delhi,9.48,1.87,11
CAR10912,Ford,2017,Hatchback,Diesel,Automatic,3.3,225,23.9,20809,North,Mumbai,11.03,2.55,6
CAR10913,Audi,2021,SUV,Petrol,Automatic,3.6,235,27.0,32784,South,Hyderabad,67.1,12.88,1
CAR10914,Jeep,2019,SUV,CNG,AMT,3.5,226,23.9,12911,Central,Bengaluru,20.87,3.14,3
CAR10915,Volkswagen,2021,SUV,Petrol,AMT,4.7,294,25.1,95001,South,Delhi,23.09,5.0,1
CAR10916,Hyundai,2021,Hatchback,Electric,CVT,4.9,284,31.4,151362,Central,Mumbai,9.97,0.97,6
CAR10917,Volkswagen,2023,Sedan,Hybrid,Automatic,2.6,150,29.5,162801,East,Ahmedabad,21.92,2.89,4
CAR10918,Maruti Suzuki,2026,Coupe,Hybrid,Automatic,3.4,198,26.2,105508,West,Hyderabad,19.35,4.05,9
CAR10919,BMW,2025,Hatchback,CNG,Manual,4.2,251,24.3,14492,West,Chennai,47.94,7.69,10
CAR10920,Tata,2020,SUV,Petrol,Automatic,0.8,86,22.2,114578,East,Indore,12.78,2.32,5
CAR10921,Skoda,2020,Pickup,Petrol,AMT,3.0,201,21.6,116631,North,Chennai,18.4,3.36,11
CAR10922,Volkswagen,2024,Hatchback,Petrol,AMT,3.5,237,20.8,109492,Central,Jaipur,14.66,2.29,5
CAR10923,Hyundai,2018,Hatchback,Petrol,Automatic,3.8,217,17.7,131222,East,Chennai,9.25,2.07,2
CAR10924,Ford,2022,SUV,CNG,Automatic,2.3,121,31.7,102510,West,Delhi,19.21,3.99,10
CAR10925,BMW,2021,Hatchback,Diesel,Automatic,2.0,154,24.5,128202,East,Mumbai,41.26,8.98,5
CAR10926,Jeep,2018,SUV,Petrol,Manual,1.6,88,24.3,90113,West,Bengaluru,22.76,4.87,10
CAR10927,Volkswagen,2023,SUV,Petrol,Manual,3.1,204,21.6,31279,South,Mumbai,22.46,3.18,9
CAR10928,Mercedes-Benz,2020,SUV,Diesel,CVT,4.7,277,19.8,18990,Central,Mumbai,79.53,7.2,11
CAR10929,Hyundai,2018,Sedan,Hybrid,Manual,4.6,242,26.2,163773,South,Chennai,10.64,1.51,8
CAR10930,Volkswagen,2023,SUV,Petrol,DCT,2.3,171,22.4,82171,West,Indore,18.82,1.74,7
CAR10931,Volkswagen,2018,SUV,Hybrid,Manual,1.9,136,32.8,61397,East,Bengaluru,22.77,3.49,3
CAR10932,Mahindra,2023,Sedan,Diesel,AMT,4.1,238,20.0,56315,East,Bengaluru,17.7,3.5,4
CAR10933,BMW,2018,SUV,Electric,Automatic,3.8,214,29.5,14054,North,Indore,75.47,8.24,4
CAR10934,Tata,2021,Convertible,Petrol,AMT,2.9,155,22.2,170393,South,Bengaluru,21.45,4.93,4
CAR10935,Hyundai,2025,SUV,Diesel,Automatic,2.4,138,26.0,19563,North,Jaipur,16.02,3.6,7
CAR10936,Jeep,2019,SUV,Petrol,AMT,1.3,92,28.6,43326,East,Pune,27.19,2.66,10
CAR10937,Ford,2024,Sedan,Petrol,CVT,4.1,223,19.5,85076,West,Indore,18.46,2.63,1
CAR10938,Ford,2024,Hatchback,Hybrid,Automatic,3.4,233,30.9,67669,East,Hyderabad,17.5,1.76,7
CAR10939,Hyundai,2026,Sedan,Diesel,Manual,2.4,126,21.3,11996,West,Hyderabad,15.33,3.37,9
CAR10940,Kia,2018,Hatchback,Petrol,Manual,4.7,205,15.9,62601,South,Bengaluru,11.26,1.4,5
CAR10941,Mahindra,2024,Pickup,Electric,AMT,3.6,233,32.6,141421,South,Hyderabad,21.24,4.35,4
CAR10942,Hyundai,2026,Sedan,Petrol,Automatic,4.7,270,23.2,48850,East,Pune,16.99,3.2,5
CAR10943,Skoda,2024,Coupe,Diesel,Automatic,2.8,186,23.8,156519,South,Indore,29.16,3.07,10
CAR10944,Kia,2018,Hatchback,CNG,Automatic,2.7,138,27.7,68032,Central,Delhi,8.03,1.43,11
CAR10945,Honda,2025,Sedan,Diesel,Automatic,4.7,235,23.4,7340,Central,Mumbai,19.25,2.68,8
CAR10946,Honda,2018,Sedan,Electric,AMT,4.8,312,29.6,24057,East,Delhi,15.81,1.69,6
CAR10947,Jeep,2022,Sedan,Diesel,AMT,4.8,265,25.2,146752,West,Ahmedabad,27.69,3.03,8
CAR10948,Ford,2021,MUV,Electric,AMT,4.2,188,30.4,75970,North,Delhi,23.08,5.51,8
CAR10949,Jeep,2022,Pickup,Hybrid,AMT,2.7,157,27.5,176711,North,Indore,35.48,7.67,9
CAR10950,Mercedes-Benz,2022,Convertible,Hybrid,CVT,1.7,124,32.4,143049,South,Chennai,126.37,12.92,2
CAR10951,Honda,2017,Hatchback,Petrol,Automatic,2.4,136,23.5,10314,South,Bengaluru,7.65,1.19,1
CAR10952,Mercedes-Benz,2022,MUV,Hybrid,DCT,4.7,236,23.3,59684,South,Indore,122.07,20.5,4
CAR10953,Tata,2026,Hatchback,Petrol,Manual,2.3,102,32.3,131869,East,Ahmedabad,9.71,2.24,3
CAR10954,Hyundai,2021,Pickup,CNG,Automatic,4.0,197,26.4,16042,West,Hyderabad,12.1,2.86,7
CAR10955,Maruti Suzuki,2019,SUV,Petrol,AMT,4.7,322,20.1,179841,East,Jaipur,12.35,1.2,6
CAR10956,Tata,2026,Sedan,Petrol,Automatic,4.9,268,16.9,34100,East,Ahmedabad,16.53,2.79,11
CAR10957,Hyundai,2017,Hatchback,Electric,Manual,4.8,222,28.7,144495,North,Pune,10.12,1.24,9
CAR10958,Tata,2021,Hatchback,Petrol,Automatic,3.1,180,25.6,152085,South,Chennai,7.49,1.55,2
CAR10959,Jeep,2022,Sedan,Petrol,Automatic,2.9,163,18.0,93437,Central,Indore,22.82,4.67,10
CAR10960,Hyundai,2021,Pickup,Hybrid,CVT,4.9,258,21.8,145628,Central,Ahmedabad,15.95,2.49,9
CAR10961,Ford,2026,MUV,Petrol,Automatic,1.7,68,25.2,159844,North,Indore,20.09,2.18,5
CAR10962,Hyundai,2021,Pickup,Petrol,Manual,1.6,61,30.2,133514,North,Indore,14.72,2.9,1
CAR10963,Nissan,2026,Hatchback,Diesel,Automatic,4.8,291,17.4,128888,Central,Hyderabad,13.21,2.52,9
CAR10964,BMW,2017,SUV,Petrol,Automatic,3.7,235,22.4,73009,North,Chennai,52.01,8.19,3
CAR10965,Jeep,2024,Sedan,Petrol,Manual,3.1,182,22.6,56179,East,Indore,23.3,5.45,3
CAR10966,Volkswagen,2022,SUV,Petrol,Automatic,1.4,108,30.5,156851,Central,Indore,24.46,4.48,6
CAR10967,Tata,2019,Sedan,Petrol,Automatic,3.0,173,18.0,44255,West,Mumbai,8.7,1.36,1
CAR10968,Mercedes-Benz,2019,Sedan,Petrol,Manual,4.8,252,20.7,77542,East,Pune,65.33,15.63,5
CAR10969,Skoda,2024,SUV,Petrol,Automatic,3.3,201,21.5,94695,South,Pune,26.88,3.88,3
CAR10970,Toyota,2023,Hatchback,Diesel,Automatic,2.5,167,26.8,73375,West,Ahmedabad,17.95,4.17,1
CAR10971,Mercedes-Benz,2023,SUV,Diesel,AMT,3.1,231,20.1,70273,West,Indore,96.78,12.78,10
CAR10972,Hyundai,2017,SUV,Petrol,Automatic,4.5,242,19.3,109859,Central,Bengaluru,16.21,1.94,3
CAR10973,Kia,2022,Hatchback,Petrol,Manual,4.6,248,18.7,62656,East,Indore,12.95,1.48,6
CAR10974,Kia,2026,Pickup,CNG,DCT,2.5,158,26.0,178033,Central,Pune,16.38,2.28,9
CAR10975,Ford,2017,SUV,Diesel,Automatic,3.4,259,18.0,36136,West,Delhi,19.45,3.03,6
CAR10976,BMW,2021,Coupe,Petrol,Manual,2.0,190,23.5,73074,North,Hyderabad,90.23,17.49,4
CAR10977,Honda,2021,SUV,Diesel,CVT,2.7,154,23.9,152925,South,Mumbai,17.47,3.08,9
CAR10978,Volkswagen,2025,SUV,Petrol,Manual,1.7,150,23.6,88215,West,Indore,22.97,5.21,8
CAR10979,Audi,2019,SUV,Electric,AMT,3.0,191,33.8,128377,North,Ahmedabad,78.08,10.46,1
CAR10980,Volkswagen,2021,Convertible,CNG,AMT,3.2,202,21.7,118217,West,Indore,24.97,5.9,10
CAR10981,Volkswagen,2024,SUV,CNG,DCT,2.2,166,28.6,62981,South,Pune,21.54,3.83,2
CAR10982,Mahindra,2017,Sedan,Petrol,DCT,1.9,73,28.5,135224,South,Chennai,10.7,1.76,9
CAR10983,Volkswagen,2025,Hatchback,Petrol,Manual,1.4,91,28.8,46591,East,Kolkata,14.52,2.07,2
CAR10984,Tata,2025,SUV,Petrol,AMT,1.4,127,26.4,136212,Central,Indore,16.71,3.15,1
CAR10985,Volkswagen,2024,Hatchback,Petrol,Manual,3.8,208,21.6,27424,Central,Mumbai,14.44,2.51,2
CAR10986,Tata,2023,Sedan,Petrol,Automatic,1.7,87,23.4,126465,East,Jaipur,11.26,1.71,9
CAR10987,Tata,2024,Hatchback,Diesel,Automatic,1.3,32,31.8,24689,North,Kolkata,8.39,0.85,5
CAR10988,Mercedes-Benz,2024,SUV,Petrol,Manual,5.0,317,24.2,157045,Central,Hyderabad,88.71,12.35,7
CAR10989,BMW,2026,Hatchback,CNG,Manual,1.9,110,30.9,114458,Central,Pune,44.71,9.02,4
CAR10990,Maruti Suzuki,2021,SUV,Petrol,Manual,4.6,255,26.7,12079,West,Delhi,10.83,1.22,2
CAR10991,Audi,2021,MUV,Petrol,Manual,3.4,179,19.8,24043,West,Mumbai,65.16,15.1,9
CAR10992,Volkswagen,2023,Coupe,Electric,Manual,3.8,248,29.1,37798,East,Mumbai,34.84,6.94,10
CAR10993,Ford,2018,Sedan,Hybrid,CVT,3.2,162,27.2,173037,North,Ahmedabad,18.62,4.17,10
CAR10994,Hyundai,2025,SUV,Petrol,Automatic,1.6,113,25.5,108156,North,Delhi,14.96,2.59,1
CAR10995,Kia,2024,SUV,Diesel,AMT,4.4,223,26.4,53848,North,Pune,18.6,2.69,11
CAR10996,Tata,2023,SUV,Petrol,CVT,4.3,295,18.8,53441,Central,Mumbai,17.89,2.87,6
CAR10997,Kia,2020,SUV,Petrol,AMT,2.3,152,21.9,9515,North,Ahmedabad,17.5,2.07,3
CAR10998,Audi,2020,Sedan,Diesel,Automatic,4.0,193,17.7,40558,East,Indore,53.36,8.26,3
CAR10999,Jeep,2021,Pickup,Petrol,CVT,3.1,109,26.0,154682,South,Kolkata,25.32,5.19,6
CAR11000,Kia,2023,Hatchback,Diesel,AMT,4.6,279,22.0,109797,North,Bengaluru,13.55,2.16,7
CAR11001,Nissan,2024,Coupe,Petrol,AMT,4.2,280,18.5,69327,Central,Kolkata,19.49,2.53,1
CAR11002,Maruti Suzuki,2023,SUV,Hybrid,CVT,1.0,85,29.0,8712,North,Pune,14.49,2.38,6
CAR11003,Volkswagen,2026,Sedan,Hybrid,Automatic,4.5,269,22.8,65019,Central,Ahmedabad,22.87,3.97,3
CAR11004,Skoda,2026,MUV,Petrol,Automatic,4.9,291,23.4,72003,West,Pune,27.69,4.45,11
CAR11005,Honda,2024,Hatchback,Petrol,CVT,3.9,219,22.7,25758,West,Hyderabad,10.72,1.69,7
CAR11006,Skoda,2020,MUV,Diesel,Automatic,1.3,65,27.1,111263,North,Pune,17.58,3.4,5
CAR11007,Nissan,2022,SUV,Electric,CVT,4.2,246,35.0,120573,Central,Bengaluru,21.76,2.43,5
CAR11008,Kia,2021,Hatchback,Hybrid,Manual,3.5,203,34.5,179683,East,Bengaluru,9.78,2.04,10
CAR11009,Maruti Suzuki,2023,Hatchback,Hybrid,Manual,2.2,156,31.6,67788,East,Indore,8.35,1.96,8
CAR11010,Kia,2025,MUV,Petrol,Automatic,4.5,245,19.1,53296,West,Hyderabad,15.58,2.01,5
CAR11011,Mercedes-Benz,2020,Sedan,Petrol,Manual,3.2,213,20.6,149024,South,Jaipur,65.35,7.43,10
CAR11012,Maruti Suzuki,2022,Convertible,Diesel,DCT,4.4,251,18.6,66320,South,Pune,18.17,2.61,7
CAR11013,BMW,2017,MUV,Petrol,Manual,3.6,208,16.9,115358,South,Kolkata,55.3,9.38,1
CAR11014,Mercedes-Benz,2024,SUV,Hybrid,AMT,2.0,195,27.7,134063,East,Hyderabad,95.37,8.94,7
CAR11015,Kia,2021,Sedan,Petrol,Manual,4.9,311,13.1,158984,West,Pune,16.32,3.01,11
CAR11016,Nissan,2021,SUV,Petrol,DCT,3.2,243,25.6,60768,South,Mumbai,16.36,2.93,10
CAR11017,Audi,2022,Pickup,Diesel,Automatic,3.0,145,18.1,113948,South,Kolkata,59.21,8.96,1
CAR11018,Kia,2019,Hatchback,Diesel,Manual,2.5,192,29.8,27941,Central,Ahmedabad,12.25,2.15,10
CAR11019,Toyota,2022,Sedan,Diesel,Manual,1.4,75,24.4,141373,East,Delhi,14.68,2.3,11
CAR11020,Honda,2024,Sedan,Diesel,Automatic,3.7,198,26.3,12878,Central,Delhi,15.51,1.47,2
CAR11021,Toyota,2020,Sedan,CNG,DCT,2.6,89,27.7,126894,South,Mumbai,15.48,3.16,8
CAR11022,Honda,2018,MUV,Electric,DCT,4.7,267,26.0,41576,South,Hyderabad,18.84,4.1,9
CAR11023,Skoda,2020,SUV,CNG,Automatic,4.9,267,27.1,85953,South,Bengaluru,22.42,3.96,1
CAR11024,Nissan,2018,SUV,Diesel,Automatic,4.0,255,24.6,18358,East,Kolkata,15.81,2.6,10
CAR11025,Nissan,2020,Sedan,Diesel,Manual,1.8,70,23.0,125517,West,Mumbai,13.8,1.84,5
CAR11026,Toyota,2023,Hatchback,Diesel,Automatic,3.8,254,19.9,89374,East,Bengaluru,17.63,1.71,4
CAR11027,Honda,2018,Sedan,Diesel,Automatic,0.9,63,25.1,121132,South,Delhi,13.73,1.88,3
CAR11028,Mercedes-Benz,2024,Coupe,Petrol,Manual,4.3,328,19.3,65815,Central,Jaipur,99.09,9.11,6
CAR11029,Volkswagen,2019,SUV,Diesel,Automatic,2.9,159,23.4,6173,East,Kolkata,19.13,3.88,9
CAR11030,Audi,2025,Sedan,Petrol,CVT,4.7,297,17.7,106670,South,Mumbai,62.53,13.05,10
CAR11031,Kia,2024,MUV,Petrol,Manual,2.4,87,18.8,127261,North,Hyderabad,15.23,2.95,3
CAR11032,Ford,2019,Hatchback,Electric,Manual,1.9,110,35.0,121335,East,Indore,12.26,1.49,10
CAR11033,Mahindra,2022,Sedan,Petrol,Manual,5.0,259,20.1,50877,West,Jaipur,16.62,3.52,10
CAR11034,Mercedes-Benz,2018,Sedan,Diesel,Manual,3.0,154,22.2,130398,Central,Jaipur,58.57,12.33,1
CAR11035,Toyota,2017,Pickup,Diesel,Manual,4.4,229,18.5,99818,South,Kolkata,19.92,3.55,4
CAR11036,Maruti Suzuki,2026,SUV,Petrol,Automatic,4.6,255,16.2,41783,North,Chennai,12.39,2.38,1
CAR11037,Skoda,2025,SUV,CNG,Manual,3.0,159,26.0,24483,Central,Chennai,19.49,2.79,11
CAR11038,Toyota,2018,Hatchback,Petrol,AMT,2.7,137,27.7,61929,East,Chennai,11.64,1.24,6
CAR11039,Hyundai,2019,Hatchback,CNG,CVT,3.1,173,24.1,9028,North,Indore,7.81,1.71,3
CAR11040,Nissan,2018,SUV,Hybrid,DCT,4.4,296,28.6,130320,North,Mumbai,18.87,2.98,10
CAR11041,Mahindra,2020,Sedan,Petrol,Automatic,4.9,277,18.4,7645,East,Jaipur,13.13,2.98,8
CAR11042,Nissan,2019,Pickup,Petrol,Manual,2.2,150,25.5,13474,West,Indore,13.04,2.7,11
CAR11043,Hyundai,2020,MUV,Petrol,Manual,3.9,178,18.4,32684,South,Jaipur,13.15,2.55,9
CAR11044,Audi,2022,SUV,Petrol,Manual,2.0,124,24.1,62061,South,Pune,59.38,9.09,11
CAR11045,Mahindra,2018,MUV,Petrol,DCT,3.4,205,21.8,8481,West,Jaipur,17.26,2.71,3
CAR11046,Ford,2025,Pickup,CNG,DCT,4.2,240,23.4,115227,Central,Delhi,20.84,2.99,3
CAR11047,BMW,2024,SUV,Petrol,Automatic,4.5,251,20.2,28169,East,Jaipur,72.68,8.52,1
CAR11048,Tata,2024,SUV,Electric,Automatic,2.7,197,35.0,145560,East,Hyderabad,19.95,4.23,4
CAR11049,Mahindra,2018,Pickup,Petrol,Automatic,2.4,119,30.8,102855,South,Indore,10.64,1.37,7
CAR11050,Honda,2024,Sedan,CNG,Manual,1.9,85,31.3,19583,North,Delhi,15.41,2.16,7
CAR11051,Kia,2025,Convertible,Petrol,DCT,1.4,89,20.9,75047,North,Indore,28.06,6.4,8
CAR11052,Audi,2018,Hatchback,Diesel,Manual,2.3,127,28.0,29544,Central,Hyderabad,44.31,8.34,9
CAR11053,Kia,2024,SUV,Diesel,Automatic,4.5,259,18.6,176630,North,Mumbai,22.13,5.22,9
CAR11054,Jeep,2020,MUV,Petrol,Automatic,2.6,129,29.8,108692,Central,Hyderabad,27.25,6.17,6
CAR11055,Honda,2024,SUV,Electric,Manual,2.1,114,35.0,146521,South,Delhi,28.05,5.54,4
CAR11056,Jeep,2021,SUV,Petrol,Automatic,3.9,230,19.1,70518,West,Delhi,25.61,5.21,5
CAR11057,Hyundai,2025,SUV,Diesel,CVT,1.7,146,28.1,30685,Central,Hyderabad,17.17,1.8,10
CAR11058,Maruti Suzuki,2018,Hatchback,Diesel,Manual,1.9,111,23.7,46109,West,Jaipur,5.82,0.62,9
CAR11059,Hyundai,2020,Sedan,Diesel,Automatic,4.7,282,18.7,77938,West,Mumbai,15.23,2.34,11
CAR11060,Mercedes-Benz,2019,Sedan,Petrol,Automatic,1.1,73,29.4,139843,South,Bengaluru,50.02,6.49,6
CAR11061,Maruti Suzuki,2019,SUV,Petrol,Manual,2.5,147,27.3,80419,East,Chennai,8.2,0.74,9
CAR11062,Mahindra,2020,SUV,Petrol,Manual,3.2,160,25.0,167510,West,Hyderabad,15.2,2.71,5
CAR11063,Ford,2020,Sedan,Petrol,Manual,1.8,76,25.9,68370,East,Delhi,15.3,2.47,1
CAR11064,Mahindra,2018,Convertible,Petrol,Manual,2.0,93,32.7,45817,North,Pune,15.99,2.28,9
CAR11065,Maruti Suzuki,2024,Sedan,CNG,Automatic,1.7,75,29.8,91728,Central,Kolkata,8.33,0.85,1
CAR11066,Audi,2022,SUV,Diesel,CVT,2.2,171,19.9,24449,North,Indore,76.03,9.16,7
CAR11067,Skoda,2025,Sedan,Diesel,AMT,4.6,277,14.7,122228,Central,Chennai,23.73,5.47,11
CAR11068,Tata,2024,Hatchback,Petrol,DCT,2.6,198,28.2,22665,Central,Kolkata,9.05,1.2,1
CAR11069,Audi,2018,MUV,Petrol,Automatic,2.6,124,23.5,117155,North,Delhi,51.37,10.39,9
CAR11070,Toyota,2017,SUV,Diesel,AMT,2.4,197,24.7,71945,West,Indore,24.39,4.92,10
CAR11071,Mahindra,2021,Hatchback,Petrol,Automatic,4.8,304,16.9,67492,West,Jaipur,9.95,1.57,7
CAR11072,BMW,2021,Pickup,Petrol,Manual,1.3,66,25.5,111897,South,Chennai,62.27,8.44,8
CAR11073,Maruti Suzuki,2019,Coupe,Diesel,Manual,4.5,294,16.8,128382,Central,Kolkata,15.41,3.33,10
CAR11074,Kia,2024,MUV,Diesel,Automatic,2.2,152,26.1,167568,North,Jaipur,21.02,4.05,9
CAR11075,Kia,2022,Convertible,CNG,AMT,4.8,263,23.2,55659,South,Bengaluru,20.21,2.68,1
CAR11076,Ford,2024,Pickup,Petrol,Automatic,2.1,112,26.3,147086,Central,Bengaluru,17.26,3.75,9
CAR11077,Mahindra,2018,Sedan,Diesel,Manual,1.1,45,28.4,151206,West,Bengaluru,11.27,1.27,9
CAR11078,Ford,2025,SUV,Petrol,DCT,3.0,131,21.5,179245,North,Ahmedabad,23.72,4.07,3
CAR11079,Hyundai,2019,SUV,Petrol,Manual,1.8,126,21.3,173765,North,Bengaluru,14.33,2.18,8
CAR11080,Nissan,2021,Sedan,Hybrid,DCT,4.0,202,22.8,143330,South,Delhi,19.51,4.45,10
CAR11081,Skoda,2021,Sedan,Petrol,CVT,3.6,171,30.4,56578,North,Mumbai,15.85,1.53,10
CAR11082,Jeep,2025,Hatchback,Diesel,CVT,3.7,214,25.6,126550,North,Indore,19.95,2.07,10
CAR11083,Jeep,2019,SUV,Petrol,AMT,1.6,77,30.2,142320,East,Jaipur,21.07,4.46,9
CAR11084,Volkswagen,2019,MUV,Petrol,Manual,3.8,229,18.9,56003,North,Indore,20.75,2.92,2
CAR11085,BMW,2020,MUV,CNG,Automatic,2.1,128,30.0,147349,South,Bengaluru,54.97,6.65,6
CAR11086,Nissan,2020,Sedan,Petrol,AMT,5.0,265,15.6,127833,South,Kolkata,11.81,2.62,3
CAR11087,Nissan,2018,Sedan,Electric,AMT,3.9,213,28.7,90883,Central,Kolkata,13.86,2.13,1
CAR11088,Jeep,2018,SUV,Petrol,Manual,3.3,177,20.3,155805,Central,Hyderabad,21.56,2.42,3
CAR11089,Tata,2019,SUV,CNG,Manual,4.4,286,28.4,20355,Central,Delhi,11.36,1.86,11
CAR11090,Ford,2021,Pickup,Petrol,Automatic,3.3,186,24.6,124681,South,Hyderabad,17.31,1.76,7
CAR11091,Kia,2020,Convertible,Petrol,Automatic,3.1,177,19.6,142581,East,Delhi,20.41,4.75,9
CAR11092,Hyundai,2020,Pickup,Hybrid,Automatic,1.8,112,31.7,12064,East,Bengaluru,15.36,1.57,6
CAR11093,Nissan,2024,Coupe,Petrol,CVT,3.6,217,23.6,76308,Central,Bengaluru,20.39,1.9,4
CAR11094,Audi,2019,Pickup,Petrol,AMT,2.4,94,22.5,95480,West,Pune,46.35,10.04,6
CAR11095,Mercedes-Benz,2026,SUV,CNG,Automatic,1.0,104,32.8,41412,Central,Jaipur,72.72,12.75,11
CAR11096,Honda,2024,Hatchback,Diesel,Manual,4.2,248,21.1,158884,East,Pune,13.36,1.96,4
CAR11097,Nissan,2018,Hatchback,Hybrid,Automatic,1.0,42,35.0,114663,Central,Kolkata,9.35,0.99,4
CAR11098,Maruti Suzuki,2020,Sedan,Diesel,Automatic,3.6,208,22.1,53137,West,Hyderabad,9.28,2.01,10
CAR11099,Toyota,2018,Sedan,Electric,Manual,1.5,114,35.0,81464,West,Hyderabad,19.26,3.66,5
CAR11100,Hyundai,2019,Hatchback,Electric,Manual,2.6,171,34.1,24603,West,Mumbai,12.29,1.48,10
CAR11101,Kia,2020,Pickup,Diesel,Automatic,4.4,228,16.0,20325,South,Indore,19.24,3.43,11
CAR11102,Kia,2018,Hatchback,Petrol,Manual,1.2,29,22.4,135626,West,Indore,9.57,1.43,1
CAR11103,Skoda,2017,Pickup,Petrol,Automatic,3.6,165,21.0,177143,South,Bengaluru,16.77,2.62,8
CAR11104,Ford,2021,MUV,Diesel,Manual,3.4,179,24.3,53439,West,Mumbai,21.11,1.98,2
CAR11105,Mercedes-Benz,2024,SUV,Electric,Manual,4.4,304,27.3,47815,South,Mumbai,118.1,25.84,10
CAR11106,Ford,2020,SUV,Diesel,Manual,1.5,89,27.2,124683,West,Pune,19.39,1.9,2
CAR11107,BMW,2025,Sedan,Petrol,Automatic,4.2,216,22.3,94418,East,Delhi,58.7,9.12,10
CAR11108,Skoda,2020,SUV,Petrol,Automatic,2.7,158,18.0,29401,West,Mumbai,17.77,1.85,9
CAR11109,Jeep,2026,Hatchback,Diesel,Automatic,2.6,130,22.9,121775,South,Pune,23.42,5.21,6
CAR11110,Toyota,2019,Pickup,Electric,Manual,2.3,126,35.0,41716,West,Mumbai,22.82,3.28,3
CAR11111,Tata,2022,Sedan,Petrol,DCT,2.4,100,25.9,25140,Central,Delhi,13.45,1.53,3
CAR11112,BMW,2024,Sedan,Diesel,Automatic,3.0,192,17.2,86243,North,Delhi,68.51,8.36,5
CAR11113,Ford,2017,SUV,Hybrid,Automatic,1.2,87,35.0,134396,South,Ahmedabad,18.44,4.4,10
CAR11114,Mercedes-Benz,2026,SUV,CNG,Automatic,2.6,230,26.5,96201,West,Chennai,104.34,17.96,10
CAR11115,Ford,2020,SUV,Petrol,CVT,3.5,188,23.7,118450,Central,Bengaluru,14.0,3.12,6
CAR11116,Kia,2021,SUV,CNG,CVT,2.9,224,26.0,46643,West,Pune,18.93,4.11,3
CAR11117,Jeep,2023,Hatchback,Diesel,Automatic,1.5,117,26.2,91406,East,Mumbai,15.23,2.04,7
CAR11118,Volkswagen,2023,SUV,Hybrid,AMT,2.3,141,29.9,129764,South,Hyderabad,25.86,2.5,10
CAR11119,Mahindra,2017,Sedan,Petrol,Manual,2.7,139,23.5,97457,Central,Kolkata,11.91,1.73,6
CAR11120,Kia,2025,Sedan,Diesel,Automatic,3.6,175,19.7,46935,Central,Pune,18.44,4.14,10
CAR11121,Toyota,2023,Hatchback,Diesel,Automatic,4.6,230,18.3,172089,Central,Pune,14.07,2.86,1
CAR11122,Honda,2026,Sedan,Petrol,Manual,3.1,170,19.0,16782,South,Pune,13.89,2.54,6
CAR11123,Mercedes-Benz,2021,Sedan,Diesel,DCT,3.6,199,22.8,164407,East,Bengaluru,65.34,14.45,1
CAR11124,BMW,2023,SUV,Diesel,CVT,1.1,45,27.9,131797,South,Mumbai,71.46,8.06,7
CAR11125,Nissan,2021,Hatchback,Diesel,Manual,4.8,321,13.6,24597,Central,Hyderabad,9.35,1.97,7
CAR11126,Nissan,2025,Hatchback,Petrol,DCT,2.1,109,27.9,49659,Central,Delhi,10.59,2.34,4
CAR11127,Nissan,2025,SUV,Diesel,Manual,2.3,153,24.0,69531,North,Kolkata,16.01,2.1,9
CAR11128,Tata,2026,Hatchback,Petrol,Automatic,1.7,78,26.4,172581,South,Pune,9.37,2.07,11
CAR11129,Volkswagen,2022,SUV,CNG,CVT,1.2,84,34.4,95435,East,Jaipur,17.63,3.15,6
CAR11130,Tata,2024,Pickup,CNG,Manual,4.1,217,26.1,50165,East,Pune,15.74,2.56,5
CAR11131,Hyundai,2020,SUV,Petrol,Automatic,1.8,124,29.2,165995,East,Indore,13.71,3.13,3
CAR11132,Mahindra,2021,Pickup,Petrol,Automatic,2.0,110,24.3,25650,South,Hyderabad,15.7,2.46,1
CAR11133,Maruti Suzuki,2024,Hatchback,Petrol,Manual,1.6,108,29.3,147898,West,Kolkata,6.77,1.14,5
CAR11134,Maruti Suzuki,2017,Hatchback,Diesel,Automatic,4.9,275,18.6,150370,Central,Bengaluru,5.37,0.75,5
CAR11135,Tata,2024,MUV,CNG,Manual,4.1,243,26.7,72634,Central,Pune,13.3,2.75,9
CAR11136,Toyota,2017,MUV,Diesel,Automatic,4.7,258,19.9,12546,East,Jaipur,19.67,3.67,10
CAR11137,Mahindra,2022,Coupe,Petrol,Manual,4.4,283,23.2,160086,Central,Chennai,21.03,2.97,2
CAR11138,Audi,2021,Hatchback,Petrol,Manual,4.6,247,21.1,174298,West,Delhi,37.4,8.78,2
CAR11139,Maruti Suzuki,2021,MUV,Petrol,AMT,2.8,179,22.0,71177,North,Delhi,8.43,1.88,7
CAR11140,Volkswagen,2021,Sedan,Electric,Manual,1.5,91,35.0,37503,West,Pune,21.92,4.33,5
CAR11141,Skoda,2021,Sedan,Diesel,Automatic,2.2,117,24.6,52458,South,Pune,16.83,3.77,8
CAR11142,Audi,2021,Hatchback,Diesel,AMT,2.0,105,22.9,28875,West,Mumbai,43.83,10.26,4
CAR11143,Skoda,2021,Pickup,Petrol,AMT,3.8,206,17.7,111731,West,Delhi,17.33,1.59,5
CAR11144,Nissan,2022,Hatchback,CNG,Manual,0.9,50,26.5,95753,Central,Pune,7.27,1.25,5
CAR11145,Mercedes-Benz,2024,Coupe,Petrol,CVT,1.4,111,22.0,67282,Central,Chennai,100.28,16.04,7
CAR11146,Kia,2022,SUV,Electric,AMT,3.7,215,35.0,118866,Central,Kolkata,22.26,4.49,1
CAR11147,Kia,2023,MUV,CNG,Automatic,1.3,91,29.9,113921,East,Bengaluru,17.94,4.28,10
CAR11148,Maruti Suzuki,2025,SUV,Diesel,AMT,1.0,101,33.3,6968,East,Ahmedabad,11.43,1.46,4
CAR11149,Mahindra,2026,Coupe,CNG,AMT,1.3,151,33.1,76694,East,Ahmedabad,20.62,2.71,3
CAR11150,Nissan,2018,Hatchback,Petrol,Automatic,3.7,188,21.0,156115,Central,Delhi,9.19,0.86,8
CAR11151,Audi,2024,Hatchback,Hybrid,Automatic,1.4,94,29.1,144259,South,Delhi,45.04,10.67,2
CAR11152,Kia,2019,SUV,Petrol,AMT,1.4,54,26.7,154604,East,Hyderabad,13.42,2.94,7
CAR11153,Hyundai,2018,Sedan,Diesel,DCT,1.8,120,31.4,172004,West,Pune,11.63,1.55,1
CAR11154,Skoda,2024,Hatchback,Petrol,Automatic,4.0,184,25.1,15745,North,Mumbai,12.84,2.45,3
CAR11155,Mercedes-Benz,2017,Hatchback,Petrol,CVT,1.6,63,27.0,52304,West,Mumbai,36.3,8.36,8
CAR11156,Volkswagen,2025,Sedan,Petrol,AMT,0.9,58,24.4,85393,South,Pune,21.3,4.15,5
CAR11157,Honda,2024,Hatchback,Petrol,CVT,4.6,237,16.1,94251,South,Kolkata,14.33,3.25,10
CAR11158,Nissan,2026,Hatchback,Diesel,DCT,4.5,229,16.6,142594,West,Mumbai,13.41,1.53,4
CAR11159,Audi,2023,Pickup,Diesel,Manual,1.6,76,30.0,131775,North,Pune,68.23,7.4,8
CAR11160,Audi,2025,Sedan,Petrol,Manual,1.9,123,30.3,128588,North,Delhi,50.78,7.34,1
CAR11161,Volkswagen,2018,Pickup,CNG,Automatic,1.6,65,31.7,32740,East,Bengaluru,18.03,3.28,11
CAR11162,Kia,2025,Pickup,CNG,Automatic,3.8,208,25.0,123585,East,Ahmedabad,16.95,2.11,7
CAR11163,Nissan,2018,Hatchback,Petrol,Automatic,1.9,95,30.1,144283,North,Bengaluru,9.86,1.43,8
CAR11164,Kia,2020,SUV,Petrol,AMT,4.7,304,15.8,136613,South,Delhi,22.72,2.75,4
CAR11165,Kia,2018,SUV,Diesel,DCT,4.3,283,19.8,107020,South,Indore,14.98,2.45,4
CAR11166,Honda,2021,SUV,Hybrid,Automatic,3.3,161,30.5,20451,East,Bengaluru,26.23,2.52,5
CAR11167,Toyota,2024,Hatchback,Petrol,AMT,0.8,70,25.5,31204,South,Hyderabad,12.72,2.5,3
CAR11168,Audi,2019,Hatchback,Hybrid,Manual,4.5,232,24.3,135051,North,Jaipur,39.79,5.94,1
CAR11169,Jeep,2025,Hatchback,Petrol,Automatic,3.9,220,18.5,156940,East,Indore,20.6,2.45,8
CAR11170,Skoda,2023,SUV,Petrol,Manual,4.1,227,24.4,149438,Central,Jaipur,19.87,2.1,8
CAR11171,Tata,2023,Pickup,Hybrid,Automatic,1.1,70,35.0,79672,East,Chennai,15.56,1.52,8
CAR11172,Tata,2026,SUV,Diesel,Automatic,3.8,298,21.2,107773,South,Jaipur,16.74,3.03,7
CAR11173,Audi,2021,SUV,Electric,AMT,4.2,259,31.1,35908,East,Delhi,84.97,11.48,6
CAR11174,Ford,2020,Pickup,Petrol,Automatic,4.8,253,16.7,108565,North,Chennai,20.53,4.03,11
CAR11175,Toyota,2026,SUV,Petrol,Automatic,3.2,195,22.3,39194,South,Mumbai,26.72,3.81,6
CAR11176,Audi,2022,Hatchback,Petrol,Manual,2.9,123,21.4,144136,East,Hyderabad,37.14,7.89,8
CAR11177,Mercedes-Benz,2023,Convertible,Petrol,Manual,2.6,179,23.5,142463,East,Jaipur,125.15,22.12,5
CAR11178,Ford,2019,Sedan,Petrol,DCT,3.7,211,22.4,13954,East,Ahmedabad,12.64,1.29,1
CAR11179,BMW,2019,Hatchback,Diesel,DCT,4.7,232,17.5,168750,Central,Indore,40.2,4.76,4
CAR11180,Toyota,2018,SUV,Diesel,Automatic,3.3,181,21.5,144320,West,Mumbai,18.06,2.99,8
CAR11181,Tata,2019,Pickup,Hybrid,Manual,1.8,99,32.1,71193,North,Ahmedabad,15.38,3.35,7
CAR11182,Skoda,2018,Sedan,Petrol,Automatic,0.9,73,26.9,83958,East,Ahmedabad,12.8,2.31,8
CAR11183,Mahindra,2024,SUV,Petrol,AMT,3.4,183,20.5,18794,East,Kolkata,20.2,4.43,9
CAR11184,Hyundai,2017,Hatchback,Hybrid,Automatic,4.4,270,28.7,168857,North,Delhi,10.42,2.39,3
CAR11185,Hyundai,2023,Hatchback,Petrol,Manual,1.1,58,22.0,22644,South,Mumbai,8.21,0.85,9
CAR11186,Mercedes-Benz,2026,Hatchback,Electric,Automatic,2.5,114,35.0,166424,Central,Indore,75.14,12.49,8
CAR11187,Ford,2024,MUV,Petrol,Manual,4.7,247,19.1,119533,South,Bengaluru,20.23,4.58,4
CAR11188,Volkswagen,2021,Convertible,Diesel,Automatic,2.9,203,24.9,165774,East,Pune,29.52,3.91,6
CAR11189,Volkswagen,2017,Hatchback,CNG,Manual,1.7,59,33.1,69881,South,Indore,9.53,2.18,10
CAR11190,Toyota,2025,Sedan,Diesel,Automatic,2.3,108,22.4,161746,North,Kolkata,20.69,3.74,2
CAR11191,Hyundai,2017,Hatchback,Diesel,Automatic,2.5,161,21.3,79573,South,Bengaluru,7.91,1.63,4
CAR11192,Mercedes-Benz,2023,Hatchback,Hybrid,Manual,1.3,77,30.8,66265,West,Kolkata,63.91,13.76,3
CAR11193,Ford,2023,SUV,Petrol,Automatic,3.6,203,20.6,63983,Central,Bengaluru,26.11,4.18,4
CAR11194,Mahindra,2018,SUV,Hybrid,Automatic,3.3,231,31.2,171595,West,Mumbai,19.55,2.58,3
CAR11195,Kia,2024,SUV,CNG,AMT,3.5,243,24.8,86469,Central,Jaipur,18.73,3.13,9
CAR11196,Tata,2018,Sedan,CNG,DCT,3.4,195,28.7,88749,West,Chennai,8.52,1.0,11
CAR11197,Mahindra,2019,SUV,Diesel,Manual,0.9,59,20.7,117621,West,Pune,19.96,2.04,11
CAR11198,Jeep,2025,Hatchback,Petrol,CVT,1.5,71,25.2,102271,East,Ahmedabad,16.57,1.97,4
CAR11199,Nissan,2026,Hatchback,Hybrid,AMT,1.5,90,35.0,99699,North,Hyderabad,13.26,1.28,11
CAR11200,Tata,2019,Pickup,Diesel,AMT,1.2,33,26.6,71335,East,Hyderabad,11.59,1.17,1
CAR11201,Skoda,2026,MUV,Petrol,Automatic,3.9,248,18.2,33742,Central,Mumbai,22.15,2.55,2
CAR11202,Kia,2026,Pickup,Petrol,Automatic,1.3,114,24.9,179048,East,Hyderabad,17.77,3.48,4
CAR11203,Jeep,2024,Pickup,Petrol,Manual,3.6,192,12.3,90975,West,Ahmedabad,26.29,5.62,4
CAR11204,Maruti Suzuki,2018,SUV,Diesel,DCT,1.5,116,23.4,175144,North,Mumbai,9.14,1.2,11
CAR11205,Tata,2019,Pickup,Petrol,Automatic,1.3,101,30.1,85607,South,Bengaluru,11.56,1.31,9
CAR11206,Skoda,2023,Sedan,Petrol,Automatic,1.5,131,24.7,109899,South,Pune,21.67,2.53,9
CAR11207,Kia,2026,Hatchback,Petrol,Automatic,2.9,198,21.6,100504,South,Indore,13.5,1.94,9
CAR11208,Mahindra,2025,Hatchback,CNG,Manual,3.5,149,19.6,174006,Central,Chennai,10.91,1.26,8
CAR11209,Mercedes-Benz,2021,Hatchback,Petrol,Manual,4.2,223,15.0,24367,East,Jaipur,52.49,7.03,6
CAR11210,Jeep,2019,Hatchback,Petrol,Automatic,1.3,84,30.5,95565,West,Mumbai,17.27,2.42,1
CAR11211,Tata,2026,Sedan,Diesel,Automatic,3.4,175,23.7,31867,West,Hyderabad,12.92,3.01,1
CAR11212,Maruti Suzuki,2019,SUV,Petrol,AMT,4.1,295,16.3,156905,East,Indore,10.48,1.79,11
CAR11213,Hyundai,2020,MUV,CNG,Automatic,2.1,156,28.1,97792,Central,Kolkata,9.91,2.33,6
CAR11214,Skoda,2026,SUV,CNG,Automatic,1.1,65,32.3,166532,South,Hyderabad,21.17,4.79,11
CAR11215,Honda,2022,Hatchback,Petrol,CVT,1.5,78,22.8,53201,North,Mumbai,11.34,1.8,1
CAR11216,Honda,2019,MUV,Diesel,Manual,1.2,47,21.1,33505,West,Hyderabad,14.89,3.47,7
CAR11217,Kia,2017,Sedan,Petrol,AMT,4.5,243,18.7,115080,West,Hyderabad,15.03,1.55,4
CAR11218,Mahindra,2021,Hatchback,Petrol,AMT,2.4,126,26.0,30510,South,Indore,8.14,1.4,5
CAR11219,Nissan,2026,Sedan,Petrol,Manual,3.0,189,24.6,70231,Central,Bengaluru,15.81,2.13,8
CAR11220,Hyundai,2021,Sedan,Petrol,Manual,4.0,198,23.0,59925,North,Chennai,12.43,2.71,6
CAR11221,Tata,2023,Sedan,Petrol,Manual,2.4,67,19.6,43628,South,Pune,11.81,1.33,2
CAR11222,Volkswagen,2019,Coupe,Diesel,Manual,3.5,187,21.8,27875,North,Indore,21.67,3.65,11
CAR11223,Jeep,2024,MUV,Petrol,Automatic,1.1,35,26.6,119869,North,Bengaluru,25.51,3.98,8
CAR11224,Tata,2024,SUV,Petrol,Manual,2.8,163,23.0,137680,West,Pune,15.86,2.26,4
CAR11225,Hyundai,2023,Hatchback,Diesel,Automatic,1.2,71,26.5,73933,West,Jaipur,10.21,1.62,7
CAR11226,Jeep,2024,Coupe,Diesel,Manual,1.8,107,23.7,54180,West,Pune,37.71,5.86,2
CAR11227,Honda,2022,SUV,Petrol,Manual,2.0,105,16.1,32582,Central,Kolkata,21.09,2.71,5
CAR11228,Jeep,2020,Hatchback,Petrol,Manual,3.8,186,24.4,123481,North,Bengaluru,15.76,1.88,5
CAR11229,Ford,2024,SUV,Petrol,Manual,3.6,195,22.3,146541,West,Bengaluru,25.36,4.92,5
CAR11230,Mercedes-Benz,2025,SUV,Petrol,DCT,3.9,226,16.2,100904,North,Delhi,90.22,9.17,6
CAR11231,Nissan,2025,SUV,Electric,Manual,1.1,71,35.0,80557,Central,Mumbai,18.64,3.48,11
CAR11232,Maruti Suzuki,2019,Hatchback,CNG,Manual,5.0,292,21.7,118463,West,Kolkata,6.57,1.31,1
CAR11233,Jeep,2023,SUV,Petrol,Manual,1.0,55,26.3,165137,West,Mumbai,24.85,4.8,7
CAR11234,Maruti Suzuki,2017,Hatchback,Petrol,Automatic,4.3,228,17.4,178195,East,Delhi,5.56,1.04,11
CAR11235,Tata,2022,Hatchback,Hybrid,Automatic,3.9,201,29.3,38845,South,Pune,9.5,1.83,10
CAR11236,Audi,2022,Hatchback,Diesel,AMT,3.3,202,19.7,88427,West,Delhi,54.28,6.16,10
CAR11237,Toyota,2020,Pickup,Petrol,Automatic,2.6,139,20.5,158361,Central,Mumbai,22.16,3.45,5
CAR11238,Honda,2026,Sedan,Petrol,Automatic,4.0,246,23.8,115743,North,Hyderabad,18.27,1.73,7
CAR11239,Mercedes-Benz,2025,Sedan,Diesel,Automatic,3.9,186,20.1,147784,Central,Indore,79.04,17.97,7
CAR11240,Toyota,2017,Sedan,Diesel,CVT,1.4,76,26.2,179272,West,Ahmedabad,14.46,2.14,10
CAR11241,Kia,2019,Pickup,Petrol,Automatic,4.1,211,22.2,23185,North,Delhi,14.21,3.21,11
CAR11242,Maruti Suzuki,2019,SUV,Petrol,Manual,1.1,55,25.4,112164,Central,Mumbai,9.42,1.61,3
CAR11243,Jeep,2025,Pickup,Petrol,AMT,2.9,158,21.6,98044,North,Ahmedabad,28.17,5.14,2
CAR11244,Kia,2022,Sedan,Petrol,CVT,3.5,236,22.5,54827,West,Ahmedabad,11.87,1.64,3
CAR11245,Skoda,2024,Hatchback,Diesel,Automatic,4.3,215,15.1,119394,North,Chennai,14.87,1.91,3
CAR11246,Jeep,2025,SUV,Hybrid,DCT,2.7,170,31.2,23176,North,Indore,33.91,6.93,4
CAR11247,Nissan,2024,Sedan,Diesel,CVT,1.8,66,23.4,91709,West,Jaipur,14.44,3.05,11
CAR11248,Hyundai,2017,Coupe,Petrol,Manual,2.9,158,25.6,77570,West,Ahmedabad,14.6,2.59,3
CAR11249,Mercedes-Benz,2018,Convertible,Petrol,AMT,1.9,85,27.1,73296,West,Ahmedabad,83.62,17.03,5
CAR11250,Jeep,2020,SUV,Electric,Automatic,3.0,179,35.0,112480,South,Ahmedabad,36.96,5.12,4
CAR11251,BMW,2020,Pickup,Diesel,Automatic,2.7,138,18.7,170172,Central,Mumbai,69.38,11.26,3
CAR11252,Hyundai,2024,SUV,Petrol,Automatic,4.1,245,19.8,170801,North,Ahmedabad,18.97,2.2,3
CAR11253,Honda,2018,Sedan,Petrol,CVT,1.8,58,22.1,127643,Central,Indore,11.73,1.09,11
CAR11254,Maruti Suzuki,2020,SUV,Electric,Automatic,1.6,97,35.0,62927,South,Bengaluru,11.43,2.09,7
CAR11255,Tata,2019,Hatchback,Hybrid,Automatic,2.8,167,23.3,174027,West,Delhi,9.59,0.99,2
CAR11256,Honda,2018,Coupe,CNG,Manual,1.0,56,28.0,179715,Central,Chennai,13.01,1.61,8
CAR11257,BMW,2018,Hatchback,Diesel,Automatic,1.8,90,29.2,153090,South,Bengaluru,42.28,9.2,7
CAR11258,Volkswagen,2018,Sedan,Diesel,CVT,2.3,134,25.6,157799,East,Indore,15.97,1.83,4
CAR11259,Volkswagen,2022,SUV,Diesel,AMT,2.8,159,22.2,147997,Central,Kolkata,27.14,4.55,9
CAR11260,Nissan,2021,Hatchback,Petrol,Manual,1.9,113,22.7,138020,Central,Pune,9.22,1.23,9
CAR11261,BMW,2021,Hatchback,Hybrid,CVT,3.2,138,26.1,131985,South,Indore,42.74,5.75,9
CAR11262,Skoda,2021,SUV,Diesel,CVT,4.5,295,19.8,116717,East,Ahmedabad,22.89,2.45,8
CAR11263,Hyundai,2024,Hatchback,Petrol,Automatic,3.1,180,21.5,118063,South,Ahmedabad,10.08,1.27,5
CAR11264,Nissan,2025,SUV,CNG,Manual,2.0,136,34.8,73209,East,Indore,16.33,1.9,3
CAR11265,BMW,2022,Sedan,Petrol,Automatic,1.1,89,26.8,160200,South,Pune,57.21,10.98,1
CAR11266,Toyota,2023,Sedan,Petrol,Manual,1.4,69,26.8,116064,North,Bengaluru,16.57,1.56,11
CAR11267,Toyota,2024,Hatchback,Petrol,Automatic,3.2,161,18.2,112346,Central,Ahmedabad,11.49,1.62,10
CAR11268,Audi,2023,MUV,Electric,Automatic,3.7,238,32.0,134821,West,Chennai,88.92,11.02,3
CAR11269,Jeep,2018,Pickup,CNG,CVT,1.0,101,33.1,18175,East,Chennai,16.72,1.86,9
CAR11270,Toyota,2026,Hatchback,Diesel,Automatic,1.6,71,25.0,165808,North,Pune,13.51,2.99,1
CAR11271,Audi,2018,Pickup,CNG,CVT,2.1,113,28.5,106948,North,Chennai,44.53,8.44,3
CAR11272,Honda,2021,SUV,CNG,CVT,2.1,167,30.9,170269,East,Delhi,17.65,2.02,2
CAR11273,Skoda,2023,SUV,Electric,Manual,4.8,287,35.0,22996,West,Indore,33.02,3.36,4
CAR11274,Mahindra,2021,SUV,Electric,Manual,1.7,133,35.0,45884,South,Hyderabad,22.53,2.85,4
CAR11275,Maruti Suzuki,2019,SUV,Petrol,AMT,1.1,105,30.8,171127,West,Pune,11.37,1.91,6
CAR11276,Mahindra,2026,Coupe,Hybrid,AMT,2.3,147,33.3,126245,South,Jaipur,26.48,5.36,6
CAR11277,Tata,2017,SUV,Diesel,Automatic,1.4,112,29.9,118167,North,Pune,12.34,1.99,2
CAR11278,Maruti Suzuki,2019,SUV,Hybrid,Automatic,1.3,96,32.1,75755,East,Pune,12.98,2.34,2
CAR11279,Toyota,2026,Sedan,Petrol,Automatic,2.5,107,23.4,102238,North,Ahmedabad,16.46,1.76,10
CAR11280,Nissan,2024,Hatchback,Hybrid,AMT,2.1,91,31.4,100600,North,Bengaluru,11.23,1.74,7
CAR11281,Maruti Suzuki,2017,SUV,CNG,AMT,1.2,75,33.8,39618,North,Jaipur,7.32,1.33,11
CAR11282,Maruti Suzuki,2024,Hatchback,Petrol,Manual,3.3,205,24.5,104152,South,Ahmedabad,7.31,1.21,2
CAR11283,Audi,2026,Sedan,CNG,Manual,2.9,184,28.4,95259,East,Mumbai,50.01,5.0,4
CAR11284,Nissan,2017,Hatchback,Petrol,Manual,1.1,79,30.0,59788,Central,Mumbai,9.24,1.37,2
CAR11285,Audi,2021,Hatchback,Petrol,DCT,4.4,253,17.8,64942,South,Jaipur,43.24,8.89,11
CAR11286,Toyota,2021,SUV,Petrol,CVT,2.0,145,27.9,139378,North,Jaipur,21.94,3.62,2
CAR11287,Skoda,2018,SUV,Electric,AMT,4.8,296,33.5,123192,North,Indore,25.11,4.27,9
CAR11288,BMW,2019,SUV,Diesel,Manual,4.7,294,20.8,87236,South,Mumbai,87.73,16.97,3
CAR11289,Honda,2018,Hatchback,Petrol,Automatic,2.6,155,24.2,110771,South,Jaipur,10.08,1.31,9
CAR11290,Tata,2018,SUV,Diesel,Manual,1.8,89,27.8,47217,South,Jaipur,12.62,2.52,6
CAR11291,BMW,2021,Sedan,Petrol,Automatic,4.3,217,17.0,92378,Central,Ahmedabad,51.55,8.56,11
CAR11292,Nissan,2021,MUV,Diesel,Manual,2.3,101,25.1,103310,South,Kolkata,14.17,2.46,1
CAR11293,Hyundai,2019,SUV,Electric,CVT,1.5,135,35.0,49229,West,Hyderabad,18.4,3.13,4
CAR11294,Toyota,2019,SUV,Hybrid,Manual,3.1,237,25.6,34659,West,Kolkata,22.88,3.55,8
CAR11295,Jeep,2018,SUV,Hybrid,Automatic,2.9,130,31.5,97005,North,Delhi,28.75,3.95,11
CAR11296,Kia,2024,Pickup,Diesel,DCT,4.4,281,15.7,169638,South,Hyderabad,19.93,4.36,6
CAR11297,BMW,2019,MUV,CNG,AMT,3.9,217,24.4,85796,East,Bengaluru,63.22,12.44,2
CAR11298,Mahindra,2026,SUV,Petrol,Manual,4.5,298,19.3,162750,East,Bengaluru,17.06,2.12,7
CAR11299,Kia,2022,SUV,Petrol,CVT,3.9,252,18.4,153971,North,Delhi,20.51,2.13,6
CAR11300,Toyota,2025,Hatchback,Petrol,Automatic,3.5,229,21.8,135331,West,Kolkata,14.71,3.43,9
CAR11301,Maruti Suzuki,2023,Pickup,Diesel,Automatic,2.9,165,23.2,161509,South,Delhi,10.31,2.36,7
CAR11302,Hyundai,2019,Sedan,Diesel,Automatic,4.9,235,15.8,76974,South,Jaipur,12.32,1.23,10
CAR11303,Mahindra,2023,Sedan,Hybrid,CVT,4.8,261,27.2,137868,West,Jaipur,19.41,4.23,2
CAR11304,Skoda,2019,Pickup,Petrol,Automatic,4.4,255,17.1,30328,Central,Jaipur,19.18,1.79,7
CAR11305,Tata,2018,SUV,Petrol,Automatic,4.1,245,27.0,60936,Central,Chennai,13.02,1.51,9
CAR11306,Mahindra,2019,Hatchback,Diesel,Automatic,3.2,192,22.0,104158,Central,Mumbai,9.39,2.08,5
CAR11307,BMW,2019,Hatchback,CNG,Manual,1.9,103,26.9,11665,East,Hyderabad,29.71,6.67,6
CAR11308,BMW,2018,Hatchback,Petrol,AMT,4.5,233,16.2,138918,North,Pune,41.91,3.91,8
CAR11309,Hyundai,2017,SUV,Petrol,Manual,0.8,42,31.5,166933,South,Delhi,11.11,2.24,6
CAR11310,Nissan,2026,Hatchback,Petrol,Automatic,1.8,89,24.5,23428,South,Jaipur,10.91,1.74,5
CAR11311,Kia,2022,Pickup,Diesel,Automatic,2.5,143,19.9,178602,South,Kolkata,21.91,4.48,7
CAR11312,Audi,2021,Pickup,Petrol,Manual,3.3,133,24.6,20428,South,Jaipur,55.89,8.38,9
CAR11313,Maruti Suzuki,2026,SUV,Petrol,Automatic,3.2,181,21.1,27228,North,Delhi,13.41,1.53,2
CAR11314,Nissan,2019,SUV,Diesel,Automatic,1.5,58,28.4,138422,North,Kolkata,12.8,1.81,10
CAR11315,Skoda,2021,Sedan,Petrol,Manual,1.2,51,29.9,124982,West,Kolkata,11.99,2.79,3
CAR11316,Mercedes-Benz,2025,Hatchback,Petrol,Manual,1.7,123,26.7,168809,East,Delhi,58.25,8.78,2
CAR11317,Mahindra,2023,MUV,Petrol,CVT,2.3,97,31.7,79400,North,Ahmedabad,15.14,2.13,2
CAR11318,Volkswagen,2020,Hatchback,CNG,DCT,0.9,67,27.7,105192,East,Indore,10.84,2.27,1
CAR11319,Hyundai,2019,Hatchback,Petrol,Automatic,3.7,275,18.7,30991,Central,Hyderabad,9.15,1.15,11
CAR11320,Audi,2017,Sedan,Petrol,Automatic,1.8,135,24.9,126071,East,Chennai,57.43,8.38,4
CAR11321,Honda,2017,Hatchback,Petrol,Manual,2.3,130,31.3,179667,South,Pune,9.17,2.19,9
CAR11322,Mercedes-Benz,2018,SUV,Diesel,Manual,2.2,167,30.1,109451,South,Chennai,75.05,7.31,3
CAR11323,Volkswagen,2024,SUV,Electric,Automatic,2.9,150,35.0,168315,South,Chennai,25.97,4.5,6
CAR11324,Skoda,2023,Coupe,Petrol,DCT,4.4,238,17.1,73873,South,Ahmedabad,29.89,6.13,5
CAR11325,Nissan,2021,SUV,Petrol,AMT,1.4,103,24.6,176956,Central,Hyderabad,16.48,3.74,8
CAR11326,Ford,2024,Coupe,Petrol,Automatic,2.2,166,22.2,98917,Central,Bengaluru,23.6,4.34,11
CAR11327,Mahindra,2018,Sedan,Diesel,DCT,3.7,231,18.8,30181,South,Kolkata,12.52,2.43,8
CAR11328,Honda,2019,Coupe,CNG,Automatic,1.0,76,35.0,68452,Central,Jaipur,20.22,3.95,8
CAR11329,Mahindra,2020,SUV,Diesel,Manual,4.3,266,18.9,91086,Central,Hyderabad,19.51,2.36,3
CAR11330,Audi,2026,Sedan,Petrol,Automatic,4.8,268,18.1,16728,North,Delhi,54.97,7.87,2
CAR11331,Hyundai,2023,Pickup,Hybrid,Manual,3.4,184,31.2,161760,East,Jaipur,17.68,3.89,1
CAR11332,Mahindra,2025,Sedan,Hybrid,CVT,4.8,262,20.5,46854,West,Ahmedabad,22.45,3.0,4
CAR11333,Hyundai,2019,Hatchback,Petrol,Automatic,2.5,116,24.2,123152,East,Bengaluru,7.94,1.04,7
CAR11334,Nissan,2025,Sedan,Petrol,Automatic,2.5,144,20.7,165996,East,Indore,14.15,2.3,1
CAR11335,Volkswagen,2017,Sedan,Petrol,Automatic,1.2,71,26.2,81055,East,Indore,15.58,1.41,3
CAR11336,Jeep,2019,Sedan,Electric,CVT,0.9,38,35.0,111633,West,Indore,21.73,4.29,7
CAR11337,Tata,2022,SUV,Hybrid,Automatic,1.8,141,30.8,95421,South,Chennai,13.87,3.21,10
CAR11338,Mercedes-Benz,2017,Convertible,Hybrid,Automatic,2.8,180,31.0,138727,East,Indore,103.23,24.33,11
CAR11339,Maruti Suzuki,2025,Sedan,Electric,Manual,2.9,176,35.0,11755,South,Jaipur,13.37,2.57,3
CAR11340,Hyundai,2025,SUV,Petrol,CVT,1.7,92,25.3,67936,Central,Jaipur,18.5,3.06,2
CAR11341,Volkswagen,2022,Sedan,Petrol,Automatic,3.4,189,23.0,112015,North,Hyderabad,18.71,4.27,7
CAR11342,Ford,2020,Coupe,Petrol,Manual,1.6,100,23.6,20989,North,Bengaluru,19.03,2.95,11
CAR11343,Honda,2017,Hatchback,Electric,CVT,2.2,123,35.0,155450,North,Bengaluru,13.07,1.37,5
CAR11344,Volkswagen,2023,Hatchback,Diesel,Manual,1.6,65,25.5,115607,South,Indore,12.63,1.52,10
CAR11345,Ford,2022,SUV,Petrol,Manual,3.7,260,19.7,5488,West,Hyderabad,22.85,3.18,9
CAR11346,Jeep,2024,SUV,Petrol,Automatic,3.0,210,20.4,7127,Central,Indore,35.9,5.05,10
CAR11347,Nissan,2023,MUV,Hybrid,Automatic,3.9,243,26.9,32993,East,Hyderabad,24.51,3.2,11
CAR11348,Mahindra,2018,SUV,Hybrid,Automatic,1.0,106,35.0,121183,North,Hyderabad,17.23,2.86,2
CAR11349,Maruti Suzuki,2018,MUV,Hybrid,Manual,2.6,136,30.6,95648,South,Delhi,9.83,1.77,5
CAR11350,Volkswagen,2024,Sedan,Petrol,Manual,4.9,259,14.8,89402,North,Kolkata,20.99,4.07,1
CAR11351,Toyota,2018,Hatchback,CNG,Manual,1.0,99,35.0,103168,East,Hyderabad,11.36,2.56,1
CAR11352,Audi,2026,Hatchback,Hybrid,Manual,2.6,139,29.3,91573,West,Mumbai,50.53,7.87,6
CAR11353,Kia,2018,Hatchback,Hybrid,DCT,1.0,21,35.0,65086,North,Mumbai,9.37,1.58,8
CAR11354,Skoda,2024,Sedan,Hybrid,Automatic,1.4,102,31.8,6280,West,Hyderabad,21.8,4.84,10
CAR11355,BMW,2026,SUV,CNG,Automatic,2.7,177,32.4,9888,South,Bengaluru,64.29,12.84,2
CAR11356,Kia,2021,Sedan,CNG,Automatic,1.5,120,29.6,125580,West,Ahmedabad,10.9,1.33,1
CAR11357,Audi,2017,SUV,Diesel,AMT,3.0,196,27.0,135130,Central,Kolkata,55.78,11.25,2
CAR11358,Ford,2025,SUV,Petrol,Manual,4.7,283,15.6,46968,West,Kolkata,24.39,4.3,11
CAR11359,Honda,2018,SUV,Petrol,Manual,1.6,151,25.3,47511,West,Mumbai,14.8,3.19,8
CAR11360,Audi,2022,SUV,Electric,Automatic,1.3,58,35.0,76375,West,Kolkata,78.04,16.74,6
CAR11361,Honda,2026,Sedan,Diesel,Automatic,4.3,222,20.2,117801,North,Hyderabad,18.9,2.39,2
CAR11362,Honda,2024,Sedan,Petrol,AMT,2.7,126,30.3,108858,North,Hyderabad,14.98,3.45,5
CAR11363,Audi,2017,SUV,Petrol,CVT,4.5,218,18.4,102850,South,Bengaluru,70.15,13.84,2
CAR11364,BMW,2025,SUV,CNG,CVT,2.1,162,30.7,11427,West,Delhi,74.51,6.92,1
CAR11365,Volkswagen,2018,Sedan,CNG,Manual,3.4,173,32.6,80396,West,Indore,15.51,2.62,5
CAR11366,Toyota,2024,Sedan,CNG,Manual,4.7,281,19.2,136715,West,Indore,15.29,2.28,6
CAR11367,Mercedes-Benz,2023,SUV,Diesel,Manual,1.5,117,21.5,108300,South,Indore,73.04,10.51,5
CAR11368,Hyundai,2019,SUV,Electric,AMT,4.2,271,29.5,146209,Central,Bengaluru,19.56,4.12,10
CAR11369,Jeep,2021,Hatchback,Electric,CVT,3.5,181,35.0,126631,East,Pune,25.1,4.63,11
CAR11370,Tata,2018,SUV,Petrol,DCT,4.2,237,15.1,162453,South,Mumbai,11.67,2.1,2
CAR11371,Skoda,2026,Pickup,Petrol,Manual,1.5,85,28.2,105142,West,Indore,20.72,4.26,4
CAR11372,Audi,2019,Hatchback,CNG,CVT,2.6,166,30.3,104625,North,Delhi,27.59,5.65,6
CAR11373,Hyundai,2020,Coupe,Petrol,Automatic,1.3,105,32.9,102566,East,Kolkata,14.99,2.23,5
CAR11374,Hyundai,2022,Hatchback,Diesel,CVT,4.8,246,21.6,51296,West,Jaipur,10.65,2.38,5
CAR11375,Skoda,2023,SUV,Hybrid,Automatic,1.1,56,35.0,81313,West,Ahmedabad,23.31,5.14,8
CAR11376,Jeep,2022,SUV,Hybrid,Manual,1.1,91,35.0,34524,South,Jaipur,28.05,4.32,2
CAR11377,Jeep,2022,Hatchback,Petrol,Manual,4.6,239,20.6,80256,North,Kolkata,16.55,2.86,10
CAR11378,Maruti Suzuki,2022,Pickup,Hybrid,DCT,2.1,114,30.6,31207,North,Delhi,9.42,1.4,3
CAR11379,Kia,2025,SUV,Petrol,Automatic,3.3,201,18.6,90919,North,Delhi,18.77,4.43,4
CAR11380,Volkswagen,2020,Pickup,Electric,Automatic,2.0,99,35.0,171976,Central,Mumbai,22.89,3.07,3
CAR11381,Jeep,2025,Sedan,Petrol,Automatic,3.5,200,21.5,84113,West,Delhi,25.83,2.91,7
CAR11382,Mercedes-Benz,2024,Convertible,Hybrid,Automatic,1.6,102,33.7,134258,East,Kolkata,111.79,18.04,8
CAR11383,Audi,2026,Pickup,Electric,DCT,2.7,198,29.1,81829,East,Delhi,90.92,10.35,7
CAR11384,Skoda,2026,SUV,Petrol,Manual,3.0,209,22.1,163535,South,Mumbai,25.34,4.56,6
CAR11385,Audi,2024,Sedan,Petrol,Manual,2.2,161,24.8,41814,North,Kolkata,52.0,11.86,4
CAR11386,BMW,2019,SUV,Electric,AMT,1.9,109,35.0,151002,North,Ahmedabad,70.82,12.99,8
CAR11387,Volkswagen,2024,SUV,Petrol,Automatic,1.4,62,31.5,131846,West,Pune,19.78,3.42,2
CAR11388,Mercedes-Benz,2024,Pickup,Petrol,Manual,3.8,209,21.4,160536,North,Delhi,81.51,8.98,4
CAR11389,Skoda,2019,SUV,Diesel,Manual,1.5,129,23.7,28266,North,Indore,21.97,4.17,8
CAR11390,Skoda,2023,Sedan,CNG,Manual,2.0,128,24.7,161587,West,Hyderabad,16.72,3.22,8
CAR11391,Mercedes-Benz,2019,Hatchback,Diesel,Manual,2.2,151,26.8,164024,East,Chennai,45.51,4.86,3
CAR11392,Kia,2022,SUV,Petrol,Manual,2.7,110,20.9,56790,East,Chennai,17.78,3.6,4
CAR11393,Jeep,2024,Pickup,CNG,Manual,3.8,240,28.5,114348,South,Jaipur,22.05,3.17,4
CAR11394,Maruti Suzuki,2018,Hatchback,Diesel,AMT,2.6,151,28.0,107664,North,Kolkata,6.71,1.28,10
CAR11395,BMW,2020,MUV,Diesel,CVT,4.5,209,14.6,13557,East,Bengaluru,58.01,5.64,7
CAR11396,Volkswagen,2024,Pickup,Petrol,CVT,3.7,222,22.8,96923,South,Kolkata,23.46,4.96,2
CAR11397,Tata,2021,Hatchback,Petrol,Automatic,4.3,241,23.6,120324,East,Delhi,10.81,1.42,2
CAR11398,Tata,2026,Hatchback,Petrol,Manual,3.8,219,23.9,40888,North,Mumbai,9.72,1.53,1
CAR11399,Toyota,2017,SUV,Hybrid,DCT,1.4,127,27.4,68264,South,Chennai,26.06,2.43,3
CAR11400,Mercedes-Benz,2024,SUV,Petrol,AMT,4.9,305,15.7,107445,North,Bengaluru,99.1,9.01,3
CAR11401,Nissan,2025,Hatchback,Hybrid,Automatic,4.1,189,23.3,167708,East,Chennai,13.25,1.6,5
CAR11402,BMW,2026,Coupe,Petrol,Manual,3.2,207,23.9,15602,South,Delhi,77.85,17.48,9
CAR11403,Mercedes-Benz,2018,SUV,Petrol,Automatic,1.5,67,27.6,168813,South,Pune,84.38,14.31,10
CAR11404,Mercedes-Benz,2026,Pickup,Petrol,Automatic,1.5,99,18.3,147830,East,Mumbai,83.49,9.34,7
CAR11405,Ford,2020,Convertible,Diesel,Automatic,3.4,222,20.9,153037,East,Bengaluru,26.84,3.87,9
CAR11406,Ford,2020,Coupe,Hybrid,Manual,2.5,141,33.4,13336,South,Indore,25.92,2.8,8
CAR11407,Audi,2020,SUV,Petrol,DCT,3.6,206,21.8,104373,West,Delhi,65.87,7.91,4
CAR11408,Skoda,2023,Sedan,Petrol,Automatic,2.4,110,24.7,69516,South,Bengaluru,16.55,3.2,7
CAR11409,Toyota,2023,SUV,Petrol,Automatic,3.0,179,21.7,165856,South,Hyderabad,24.18,5.1,4
CAR11410,Mercedes-Benz,2021,Hatchback,Electric,Manual,1.6,98,35.0,134659,East,Chennai,67.02,12.84,4
CAR11411,Toyota,2017,SUV,Petrol,AMT,1.5,96,26.3,118716,North,Chennai,16.08,2.18,11
CAR11412,Volkswagen,2026,Hatchback,Electric,AMT,1.1,77,35.0,9863,East,Mumbai,18.36,3.08,11
CAR11413,BMW,2019,SUV,Petrol,Manual,4.2,283,21.8,158147,East,Kolkata,66.74,15.58,8
CAR11414,Maruti Suzuki,2017,Hatchback,Petrol,Automatic,3.1,198,24.6,90702,North,Ahmedabad,5.69,0.73,7
CAR11415,Volkswagen,2022,Sedan,Hybrid,Automatic,4.8,236,25.7,33009,East,Hyderabad,24.04,5.61,8
CAR11416,Maruti Suzuki,2021,Sedan,Diesel,CVT,3.9,249,23.9,157958,North,Indore,7.78,1.39,9
CAR11417,Tata,2023,SUV,Petrol,Manual,4.0,282,19.3,163231,West,Pune,12.65,2.16,1
CAR11418,Hyundai,2025,MUV,CNG,CVT,2.9,198,23.7,91906,North,Ahmedabad,15.12,2.49,4
CAR11419,Nissan,2017,Hatchback,Petrol,Automatic,4.2,227,21.4,120778,North,Kolkata,8.54,1.87,2
CAR11420,Kia,2019,Coupe,Petrol,Manual,4.8,280,18.9,111825,South,Pune,17.83,2.28,6
CAR11421,Jeep,2022,Convertible,Petrol,Manual,3.8,184,22.4,58072,West,Hyderabad,31.38,3.53,4
CAR11422,Jeep,2024,Sedan,Diesel,Manual,1.2,38,23.3,135965,West,Jaipur,27.29,3.69,4
CAR11423,Volkswagen,2023,SUV,Electric,Manual,3.5,218,35.0,179617,East,Hyderabad,30.97,3.01,10
CAR11424,Mahindra,2020,Sedan,Petrol,Automatic,1.3,93,29.0,168483,North,Kolkata,12.03,2.42,3
CAR11425,BMW,2023,Hatchback,CNG,AMT,1.1,93,31.5,125204,South,Delhi,44.03,9.51,11
CAR11426,Nissan,2026,SUV,Diesel,Manual,3.7,216,18.3,68047,West,Jaipur,23.5,5.4,5
CAR11427,Mahindra,2021,Hatchback,CNG,DCT,4.3,236,27.9,163972,North,Kolkata,10.89,1.43,3
CAR11428,Skoda,2025,Convertible,Electric,Manual,1.5,80,35.0,167297,West,Ahmedabad,31.66,6.83,2
CAR11429,Mercedes-Benz,2024,Pickup,CNG,Automatic,1.1,45,35.0,5977,South,Pune,58.88,5.85,8
CAR11430,Maruti Suzuki,2020,Coupe,Diesel,DCT,4.5,301,17.4,64221,North,Delhi,13.73,2.06,10
CAR11431,Kia,2019,SUV,Petrol,CVT,1.4,111,31.8,101659,West,Pune,17.33,2.07,10
CAR11432,Ford,2024,SUV,Diesel,Automatic,0.9,78,27.3,106121,North,Kolkata,24.69,4.32,2
CAR11433,Ford,2019,Pickup,Hybrid,AMT,3.8,218,32.6,129693,South,Bengaluru,16.7,2.17,10
CAR11434,Volkswagen,2020,Sedan,Diesel,Manual,4.4,257,17.2,94887,North,Bengaluru,19.15,3.32,3
CAR11435,Mercedes-Benz,2019,Hatchback,Hybrid,Manual,3.0,180,29.9,7403,East,Pune,59.43,9.46,6
CAR11436,Honda,2023,SUV,Petrol,Automatic,3.1,175,25.0,34004,North,Delhi,22.6,2.8,1
CAR11437,Hyundai,2019,Sedan,Electric,Manual,2.2,143,35.0,138447,North,Pune,12.87,2.63,3
CAR11438,Tata,2023,Sedan,Petrol,Automatic,1.8,105,29.0,126333,East,Jaipur,12.12,1.3,4
CAR11439,Mercedes-Benz,2026,Hatchback,CNG,Manual,4.0,209,23.9,119003,Central,Delhi,47.44,6.29,11
CAR11440,Jeep,2025,SUV,Petrol,CVT,4.4,273,19.7,82161,North,Delhi,31.98,4.09,4
CAR11441,Maruti Suzuki,2026,Sedan,Petrol,CVT,2.1,124,28.7,53082,East,Delhi,8.64,1.76,4
CAR11442,Kia,2017,Hatchback,Electric,CVT,2.0,137,35.0,58909,Central,Ahmedabad,9.82,2.22,4
CAR11443,Jeep,2021,Hatchback,Electric,AMT,1.9,78,35.0,125565,South,Jaipur,19.81,4.54,3
CAR11444,Hyundai,2019,Sedan,Hybrid,Manual,1.0,88,33.9,93251,East,Indore,11.31,1.62,6
CAR11445,Ford,2026,Convertible,CNG,Manual,2.0,111,30.8,27907,Central,Delhi,23.15,5.04,3
CAR11446,Toyota,2024,Sedan,Petrol,Automatic,0.9,37,28.1,74908,West,Kolkata,13.92,1.25,4
CAR11447,Jeep,2020,SUV,Electric,Automatic,4.1,237,29.8,149206,South,Delhi,41.98,4.02,6
CAR11448,Jeep,2022,MUV,Petrol,Automatic,1.9,79,24.7,109832,West,Chennai,21.55,5.08,9
CAR11449,Maruti Suzuki,2023,Sedan,Diesel,Automatic,3.7,160,21.6,156589,West,Chennai,9.62,1.26,2
CAR11450,Honda,2021,Coupe,Diesel,Automatic,3.1,222,22.3,94008,East,Pune,18.83,3.78,4
CAR11451,Mercedes-Benz,2021,SUV,Petrol,Manual,4.3,311,24.4,89958,East,Indore,97.24,18.37,7
CAR11452,Toyota,2017,SUV,Diesel,Manual,4.8,249,21.5,171141,Central,Jaipur,21.29,4.34,11
CAR11453,Toyota,2021,Hatchback,Hybrid,Automatic,2.3,103,32.3,93802,Central,Delhi,12.86,1.48,11
CAR11454,BMW,2020,Hatchback,Petrol,Automatic,1.2,85,24.8,28653,Central,Bengaluru,36.41,3.86,10
CAR11455,Volkswagen,2025,Pickup,CNG,DCT,3.9,213,23.2,75359,West,Bengaluru,21.25,4.97,6
CAR11456,Toyota,2025,MUV,Diesel,Automatic,0.9,70,33.8,118341,South,Bengaluru,14.81,2.95,2
CAR11457,Jeep,2024,Pickup,Petrol,AMT,1.7,91,22.9,65433,North,Chennai,23.6,4.08,11
CAR11458,Hyundai,2017,Pickup,Diesel,CVT,1.0,40,27.9,76793,North,Pune,11.69,1.89,7
CAR11459,BMW,2025,Hatchback,Petrol,Manual,4.6,247,20.0,157757,Central,Ahmedabad,48.67,11.04,10
CAR11460,Kia,2020,MUV,Petrol,Automatic,0.8,-16,27.1,81149,South,Indore,18.68,2.16,11
CAR11461,Maruti Suzuki,2021,SUV,Hybrid,Automatic,2.9,156,27.0,58352,North,Ahmedabad,11.76,1.17,9
CAR11462,Mercedes-Benz,2026,MUV,Petrol,Automatic,2.6,167,21.4,23869,South,Bengaluru,91.98,16.52,5
CAR11463,Toyota,2025,Hatchback,Petrol,Manual,3.5,222,20.0,75498,North,Mumbai,17.72,1.97,7
CAR11464,Toyota,2017,Sedan,Hybrid,CVT,2.0,145,30.1,139158,East,Chennai,18.33,2.54,8
CAR11465,Nissan,2020,MUV,Petrol,DCT,4.5,259,23.2,57485,East,Ahmedabad,14.78,2.24,10
CAR11466,Honda,2024,MUV,Electric,Manual,3.9,158,32.6,87360,South,Indore,19.71,2.31,3
CAR11467,Tata,2022,SUV,Electric,Manual,2.6,152,34.2,119924,West,Chennai,18.99,3.21,7
CAR11468,Audi,2019,Sedan,Petrol,Manual,2.3,160,24.8,167390,East,Mumbai,50.6,7.99,7
CAR11469,Maruti Suzuki,2022,Sedan,Diesel,AMT,4.2,272,21.9,147488,Central,Delhi,10.54,2.1,3
CAR11470,Toyota,2025,Pickup,Petrol,Automatic,4.0,254,19.4,55085,West,Delhi,25.27,3.37,5
CAR11471,Skoda,2019,SUV,Diesel,Manual,2.5,157,26.7,33758,North,Pune,24.58,5.31,11
CAR11472,Mahindra,2024,SUV,Petrol,CVT,2.2,113,20.9,122386,South,Hyderabad,16.86,3.43,1
CAR11473,Hyundai,2024,SUV,CNG,Automatic,1.0,79,35.0,49579,West,Pune,12.59,2.12,6
CAR11474,BMW,2025,Sedan,Petrol,Automatic,1.1,61,27.3,73679,East,Delhi,51.72,9.42,7
CAR11475,Jeep,2019,SUV,Hybrid,Automatic,1.0,119,34.5,23218,West,Kolkata,34.01,6.94,10
CAR11476,Mercedes-Benz,2019,SUV,Petrol,Automatic,0.9,80,25.8,140515,South,Mumbai,62.55,13.21,4
CAR11477,Kia,2022,Coupe,Petrol,Automatic,1.4,112,23.0,33032,North,Chennai,22.48,2.49,5
CAR11478,Audi,2022,Pickup,Diesel,Manual,4.4,244,14.4,71613,West,Pune,63.79,9.66,1
CAR11479,BMW,2021,Pickup,Diesel,Automatic,4.2,241,17.6,76204,West,Bengaluru,73.75,13.53,4
CAR11480,Hyundai,2024,SUV,CNG,CVT,4.4,283,26.2,12450,West,Pune,15.48,1.75,11
CAR11481,Ford,2024,SUV,Petrol,Automatic,3.4,194,19.0,140778,East,Bengaluru,23.26,2.7,9
CAR11482,Toyota,2019,SUV,Petrol,CVT,3.4,186,17.2,113245,North,Hyderabad,19.72,4.4,5
CAR11483,Mercedes-Benz,2024,Coupe,Petrol,Automatic,1.3,141,24.2,99783,West,Kolkata,86.5,13.4,7
CAR11484,Honda,2019,SUV,Petrol,AMT,3.7,187,20.0,36145,West,Chennai,16.66,3.23,11
CAR11485,Hyundai,2021,SUV,CNG,Manual,2.0,176,29.2,14323,West,Mumbai,11.54,1.83,5
CAR11486,Nissan,2017,MUV,CNG,AMT,3.0,117,27.4,14734,North,Hyderabad,11.0,1.46,4
CAR11487,Ford,2020,SUV,CNG,Manual,4.8,274,26.6,114390,West,Indore,18.0,4.3,10
CAR11488,Toyota,2026,MUV,Petrol,Manual,4.5,272,22.9,135864,West,Pune,29.05,4.73,10
CAR11489,Honda,2021,Sedan,Petrol,Manual,1.8,99,31.7,144178,Central,Ahmedabad,15.24,2.99,6
CAR11490,Kia,2024,SUV,Hybrid,Manual,3.9,207,22.8,145062,East,Jaipur,22.63,3.62,1
CAR11491,Mercedes-Benz,2018,SUV,Petrol,DCT,1.2,102,24.6,73856,West,Delhi,61.12,13.66,1
CAR11492,Kia,2023,Hatchback,Hybrid,DCT,0.9,51,35.0,5234,East,Ahmedabad,11.01,1.29,2
CAR11493,Toyota,2020,Coupe,Petrol,AMT,0.9,79,26.5,47877,West,Bengaluru,18.63,2.95,8
CAR11494,Mercedes-Benz,2024,SUV,Petrol,Manual,1.5,92,29.0,142730,West,Pune,86.64,18.05,2
CAR11495,Hyundai,2026,Hatchback,Electric,CVT,3.7,203,33.7,138689,West,Indore,15.49,1.93,1
CAR11496,Hyundai,2022,Coupe,Petrol,AMT,2.3,147,29.2,93818,Central,Jaipur,18.52,4.34,8
CAR11497,Volkswagen,2018,SUV,CNG,Automatic,0.9,135,35.0,9183,North,Kolkata,17.43,2.63,6
CAR11498,Maruti Suzuki,2021,MUV,Petrol,Automatic,4.9,263,21.4,140924,West,Jaipur,11.0,1.81,6
CAR11499,Kia,2018,Sedan,Petrol,Automatic,3.0,156,21.6,147728,West,Pune,13.35,3.12,3
CAR11500,Nissan,2021,Coupe,Petrol,Manual,2.5,159,23.7,44722,East,Mumbai,17.78,3.6,3
CAR11501,Kia,2017,Sedan,Petrol,Automatic,3.0,209,21.9,145745,East,Bengaluru,13.4,3.06,3
CAR11502,BMW,2023,SUV,Diesel,AMT,3.0,149,18.3,116955,West,Indore,81.78,10.64,8
CAR11503,BMW,2020,Hatchback,Petrol,Manual,2.8,163,27.7,160397,East,Indore,37.71,5.06,11
CAR11504,Mercedes-Benz,2019,SUV,Diesel,Automatic,3.4,206,24.1,114635,East,Jaipur,83.51,18.92,11
CAR11505,Volkswagen,2017,SUV,CNG,Automatic,4.5,237,23.2,20658,Central,Chennai,16.58,3.71,2
CAR11506,BMW,2025,SUV,Petrol,AMT,2.1,120,28.9,118220,West,Chennai,57.82,6.24,8
CAR11507,Skoda,2025,SUV,Petrol,DCT,2.8,187,21.4,23857,South,Jaipur,23.19,4.87,9
CAR11508,Kia,2025,Coupe,Petrol,CVT,0.8,57,22.6,50277,Central,Delhi,17.14,3.33,1
CAR11509,Nissan,2017,SUV,Electric,Automatic,4.4,273,34.5,157731,South,Jaipur,20.2,2.77,8
CAR11510,Mahindra,2020,Sedan,Diesel,Automatic,2.1,159,21.1,174418,North,Pune,12.01,2.77,5
CAR11511,Audi,2026,Pickup,Petrol,Automatic,1.9,109,24.9,88170,Central,Pune,57.68,5.64,3
CAR11512,BMW,2022,SUV,Diesel,Automatic,5.0,264,18.6,55945,South,Kolkata,77.34,18.29,9
CAR11513,Maruti Suzuki,2018,Pickup,Diesel,Manual,3.3,160,23.2,73659,South,Indore,10.22,1.15,11
CAR11514,Mercedes-Benz,2018,Pickup,Petrol,AMT,1.3,64,29.4,47379,South,Ahmedabad,58.15,10.81,7
CAR11515,BMW,2019,Pickup,Petrol,AMT,1.9,96,27.2,105326,East,Delhi,49.67,10.8,3
CAR11516,Skoda,2026,MUV,CNG,Automatic,2.3,130,31.1,78707,North,Hyderabad,21.41,3.93,5
CAR11517,Kia,2018,SUV,Petrol,CVT,4.9,302,15.9,15252,North,Jaipur,16.91,1.59,6
CAR11518,Toyota,2026,Hatchback,Petrol,Automatic,2.6,186,24.6,111758,South,Delhi,15.67,2.52,10
CAR11519,Kia,2023,SUV,Petrol,Automatic,1.8,124,21.2,117650,South,Ahmedabad,16.06,3.71,9
CAR11520,Hyundai,2026,MUV,Diesel,Manual,3.2,147,27.0,121726,North,Bengaluru,17.32,1.71,8
CAR11521,Nissan,2025,SUV,Diesel,Manual,2.5,191,19.8,170389,Central,Hyderabad,25.04,5.47,9
CAR11522,Mahindra,2020,Convertible,Petrol,Automatic,1.0,87,26.6,128212,East,Jaipur,18.14,4.2,8
CAR11523,Ford,2025,Hatchback,Diesel,Automatic,4.4,248,15.5,123250,North,Kolkata,15.71,3.66,4
CAR11524,Ford,2018,Sedan,Hybrid,Manual,0.9,43,32.6,42035,North,Delhi,13.72,1.59,2
CAR11525,Tata,2019,SUV,Petrol,Manual,4.6,294,19.0,86293,Central,Delhi,12.56,2.73,10
CAR11526,Toyota,2019,SUV,CNG,Manual,4.1,245,23.6,81036,South,Ahmedabad,18.85,4.02,7
CAR11527,Mercedes-Benz,2018,Hatchback,Petrol,AMT,1.1,9,30.8,173154,North,Indore,37.98,3.74,11
CAR11528,Ford,2017,Hatchback,Petrol,AMT,3.8,223,21.6,88013,West,Bengaluru,10.75,1.59,8
CAR11529,Toyota,2018,Coupe,CNG,Automatic,4.0,277,24.0,125490,Central,Indore,22.66,4.47,6
CAR11530,Skoda,2018,SUV,Electric,Manual,3.3,243,33.7,99613,South,Kolkata,19.41,2.95,8
CAR11531,Honda,2020,Hatchback,Petrol,Manual,3.2,158,26.0,14968,West,Delhi,10.97,2.23,8
CAR11532,Toyota,2017,Hatchback,Electric,Manual,1.0,61,35.0,168734,East,Hyderabad,11.09,1.84,11
CAR11533,Skoda,2017,SUV,Diesel,Automatic,1.0,86,24.2,122258,North,Indore,15.8,3.0,5
CAR11534,Ford,2026,Hatchback,Petrol,Manual,3.9,217,18.6,45318,West,Bengaluru,14.79,2.17,5
CAR11535,Nissan,2017,SUV,Electric,Automatic,1.2,94,35.0,15446,Central,Indore,17.8,2.25,4
CAR11536,Toyota,2017,MUV,Hybrid,DCT,1.8,100,33.7,168944,Central,Pune,16.93,3.18,2
CAR11537,Ford,2017,Sedan,Petrol,Automatic,2.9,165,19.9,58765,North,Chennai,12.5,2.73,6
CAR11538,Honda,2018,SUV,Diesel,CVT,1.5,126,28.6,7997,East,Pune,17.09,3.19,5
CAR11539,Mahindra,2022,Hatchback,Petrol,Manual,4.1,256,17.5,112744,West,Kolkata,11.77,1.49,3
CAR11540,Tata,2025,Sedan,Petrol,Manual,4.2,212,23.8,7867,North,Delhi,14.87,1.81,9
CAR11541,Kia,2024,Convertible,CNG,DCT,4.3,232,26.3,42732,Central,Jaipur,22.9,2.8,8
CAR11542,BMW,2022,SUV,Diesel,Automatic,1.0,69,24.2,161348,North,Chennai,80.86,7.59,3
CAR11543,Honda,2017,Convertible,Diesel,Automatic,2.6,129,22.2,11683,South,Hyderabad,24.94,2.9,2
CAR11544,Volkswagen,2024,Sedan,Diesel,DCT,4.4,202,17.8,136630,Central,Ahmedabad,23.88,2.26,7
CAR11545,BMW,2017,Sedan,Diesel,Automatic,2.3,127,25.0,113141,East,Delhi,49.74,7.26,1
CAR11546,Volkswagen,2023,SUV,Petrol,Manual,3.7,240,20.5,58541,West,Ahmedabad,21.53,4.43,2
CAR11547,Mahindra,2021,SUV,CNG,Automatic,3.3,203,23.6,55025,East,Chennai,14.39,2.14,5
CAR11548,Nissan,2025,Pickup,Diesel,Manual,2.3,126,20.3,88101,West,Hyderabad,15.83,3.33,11
CAR11549,Kia,2020,Hatchback,Hybrid,Manual,2.0,120,33.8,98268,North,Kolkata,11.74,2.67,1
CAR11550,Toyota,2023,Coupe,Diesel,Manual,3.5,263,22.5,160808,West,Ahmedabad,28.47,5.55,6
CAR11551,Mercedes-Benz,2021,Convertible,Petrol,CVT,1.4,67,27.0,50700,North,Mumbai,94.38,17.52,7
CAR11552,Nissan,2022,SUV,Petrol,Automatic,4.4,238,20.3,108291,North,Mumbai,17.15,2.29,3
CAR11553,Kia,2026,Sedan,Petrol,Manual,3.2,174,20.5,125125,East,Kolkata,13.35,2.48,6
CAR11554,Tata,2024,SUV,Petrol,Manual,1.3,144,27.4,7210,East,Mumbai,14.1,3.38,7
CAR11555,Hyundai,2021,Sedan,Hybrid,AMT,3.8,180,35.0,161747,North,Bengaluru,17.32,1.77,2
CAR11556,Ford,2021,MUV,CNG,CVT,2.6,159,32.3,178595,West,Pune,17.76,2.69,11
CAR11557,Skoda,2024,SUV,Petrol,Manual,1.7,147,25.1,20148,South,Jaipur,23.41,4.88,3
CAR11558,Maruti Suzuki,2020,Pickup,Petrol,Automatic,4.8,205,16.9,50832,Central,Pune,9.33,1.89,5
CAR11559,Jeep,2018,SUV,Hybrid,CVT,3.8,244,19.3,142605,North,Chennai,29.94,6.63,1
CAR11560,Nissan,2021,SUV,Petrol,CVT,3.3,222,25.3,146612,South,Jaipur,14.6,1.52,7
CAR11561,Mercedes-Benz,2017,SUV,CNG,CVT,4.4,260,26.8,32316,South,Kolkata,67.19,13.81,7
CAR11562,BMW,2018,SUV,Petrol,Manual,3.1,179,20.9,165555,East,Mumbai,42.82,4.24,2
CAR11563,BMW,2021,Pickup,Petrol,Manual,2.7,134,19.2,62646,East,Ahmedabad,58.7,11.76,4
CAR11564,Skoda,2024,Hatchback,Petrol,Automatic,1.6,80,22.7,56372,North,Hyderabad,11.53,1.38,9
CAR11565,Volkswagen,2024,Pickup,CNG,Manual,1.4,69,33.0,67538,East,Chennai,18.36,4.38,8
CAR11566,Hyundai,2019,Coupe,Petrol,CVT,2.6,166,23.5,122521,Central,Pune,20.37,3.41,4
CAR11567,Jeep,2021,Convertible,Hybrid,Manual,2.7,140,32.6,41104,North,Ahmedabad,49.94,9.22,7
CAR11568,Tata,2018,SUV,Petrol,Automatic,3.9,269,20.9,100000,South,Bengaluru,14.82,2.81,9
CAR11569,Skoda,2024,Coupe,Petrol,CVT,2.7,153,26.4,18166,East,Mumbai,22.77,2.08,5
CAR11570,Jeep,2019,Sedan,CNG,DCT,3.3,138,28.2,30712,West,Hyderabad,22.14,2.92,2
CAR11571,Honda,2024,MUV,Petrol,Automatic,4.3,267,22.2,139485,North,Delhi,22.24,4.48,1
CAR11572,Audi,2025,Hatchback,Petrol,DCT,5.0,270,11.7,72142,South,Pune,42.97,5.46,11
CAR11573,Maruti Suzuki,2023,Sedan,Diesel,Manual,2.2,111,21.0,143884,South,Kolkata,9.0,1.99,4
CAR11574,Nissan,2020,SUV,Electric,Automatic,4.6,275,29.9,134094,West,Bengaluru,23.47,2.37,9
CAR11575,Ford,2026,Sedan,Petrol,Manual,4.2,236,23.2,179445,North,Hyderabad,18.14,3.19,4
CAR11576,Mercedes-Benz,2023,Sedan,Petrol,DCT,1.1,47,33.0,29074,West,Chennai,64.45,13.62,8
CAR11577,Volkswagen,2023,Coupe,CNG,CVT,2.2,169,29.2,168555,East,Chennai,25.24,5.02,4
CAR11578,Maruti Suzuki,2025,Sedan,Hybrid,Manual,1.7,69,31.1,161099,South,Bengaluru,8.97,1.94,7
CAR11579,Honda,2025,MUV,Electric,Manual,3.6,190,27.5,81062,Central,Pune,22.66,2.28,11
CAR11580,Tata,2017,Hatchback,Hybrid,Automatic,3.1,115,32.2,28675,Central,Indore,7.1,1.38,9
CAR11581,Mercedes-Benz,2025,MUV,Hybrid,Manual,2.9,189,28.4,28342,Central,Pune,107.98,23.6,2
CAR11582,BMW,2024,MUV,Petrol,CVT,4.0,216,29.3,94389,Central,Bengaluru,67.2,7.93,6
CAR11583,Kia,2019,Sedan,Petrol,Manual,2.2,138,22.5,6872,South,Jaipur,13.21,2.75,3
CAR11584,Hyundai,2020,MUV,Hybrid,AMT,2.4,144,35.0,21744,Central,Mumbai,13.08,2.95,3
CAR11585,Tata,2024,Pickup,Hybrid,Automatic,4.4,256,28.7,98015,North,Bengaluru,16.55,2.31,10
CAR11586,Mercedes-Benz,2019,Coupe,CNG,Automatic,4.9,304,20.2,103556,South,Delhi,74.89,17.89,11
CAR11587,Nissan,2021,Sedan,Diesel,Manual,4.1,235,20.9,155599,East,Jaipur,13.49,1.55,11
CAR11588,Honda,2023,SUV,Petrol,DCT,1.7,94,28.2,175526,West,Delhi,19.96,3.11,10
CAR11589,Nissan,2023,MUV,Diesel,Automatic,1.3,42,26.2,51883,East,Hyderabad,16.13,3.27,6
CAR11590,Toyota,2026,Sedan,Diesel,Automatic,1.7,91,28.4,62795,East,Mumbai,15.87,2.68,6
CAR11591,Maruti Suzuki,2018,Coupe,Diesel,Automatic,2.6,161,26.2,39814,South,Bengaluru,11.72,2.35,6
CAR11592,Audi,2019,Sedan,Electric,CVT,1.8,135,35.0,44307,East,Pune,53.5,8.56,9
CAR11593,Audi,2026,Coupe,Diesel,CVT,4.6,297,18.9,81816,East,Jaipur,105.19,16.23,1
CAR11594,Toyota,2022,Hatchback,Petrol,CVT,3.6,180,17.8,178796,East,Delhi,12.57,1.56,10
CAR11595,Mahindra,2019,Hatchback,Diesel,Automatic,2.6,136,23.5,161368,East,Mumbai,9.15,1.56,9
CAR11596,Ford,2019,Pickup,Diesel,CVT,2.0,113,25.7,164786,West,Bengaluru,15.49,1.89,11
CAR11597,Tata,2020,Convertible,CNG,Manual,2.4,130,23.6,84042,South,Indore,18.35,4.21,7
CAR11598,Mahindra,2022,Convertible,Petrol,AMT,2.8,161,23.8,120028,North,Delhi,18.72,1.91,6
CAR11599,Nissan,2019,Pickup,Diesel,Automatic,3.8,211,20.6,131474,South,Mumbai,15.09,3.2,6
CAR11600,Mahindra,2023,SUV,Diesel,Automatic,1.2,56,23.2,47547,East,Kolkata,17.07,1.95,7
CAR11601,Mercedes-Benz,2021,Sedan,Diesel,DCT,4.4,188,18.4,85942,North,Chennai,68.15,11.3,4
CAR11602,Maruti Suzuki,2023,Hatchback,Petrol,DCT,1.3,62,25.9,101282,North,Delhi,5.54,1.24,9
CAR11603,Nissan,2018,SUV,CNG,Automatic,1.9,144,35.0,70267,Central,Hyderabad,10.41,1.94,5
CAR11604,Mercedes-Benz,2023,Sedan,CNG,Automatic,5.0,266,23.7,87792,South,Pune,59.47,6.08,4
CAR11605,Honda,2026,Pickup,Diesel,CVT,1.6,119,29.3,82159,West,Mumbai,16.89,1.94,9
CAR11606,Skoda,2018,Hatchback,Diesel,DCT,1.2,65,26.8,15700,North,Pune,12.53,1.65,4
CAR11607,Ford,2020,Hatchback,Petrol,AMT,3.5,226,16.0,139470,Central,Delhi,15.01,2.75,1
CAR11608,Volkswagen,2023,Sedan,Diesel,Manual,2.5,166,26.0,162570,South,Ahmedabad,19.01,2.88,6
CAR11609,BMW,2023,Hatchback,Diesel,Automatic,1.2,92,25.1,137021,South,Bengaluru,40.18,8.24,6
CAR11610,Honda,2023,Sedan,Hybrid,CVT,0.8,14,34.1,168392,West,Bengaluru,19.18,2.74,4
CAR11611,Maruti Suzuki,2022,SUV,Petrol,AMT,1.1,86,24.2,80557,South,Mumbai,8.88,1.78,1
CAR11612,Ford,2023,Sedan,Hybrid,AMT,3.0,196,30.0,14771,East,Jaipur,20.22,2.34,6
CAR11613,Mahindra,2023,SUV,Petrol,Automatic,1.8,131,28.9,51833,West,Hyderabad,16.43,2.21,9
CAR11614,Mahindra,2017,Pickup,Hybrid,Automatic,4.1,239,30.0,154449,North,Pune,15.01,2.73,9
CAR11615,Toyota,2024,SUV,Diesel,Automatic,4.4,232,24.2,29347,North,Bengaluru,24.7,3.48,3
CAR11616,Ford,2021,SUV,Petrol,CVT,1.4,150,31.8,100748,West,Delhi,16.14,3.09,5
CAR11617,Maruti Suzuki,2017,Sedan,Diesel,Manual,2.2,101,18.6,5239,South,Delhi,6.77,1.47,10
CAR11618,Kia,2021,Hatchback,Electric,AMT,1.4,27,35.0,61661,Central,Kolkata,13.6,2.78,4
CAR11619,Honda,2021,Sedan,Diesel,AMT,2.0,101,19.8,24820,Central,Chennai,14.33,2.86,6
CAR11620,Jeep,2017,Pickup,Petrol,CVT,1.8,38,27.6,24846,Central,Ahmedabad,19.59,4.04,8
CAR11621,BMW,2026,SUV,Diesel,Manual,4.1,223,18.1,33814,Central,Ahmedabad,70.5,9.75,6
CAR11622,Toyota,2019,Sedan,Petrol,AMT,2.3,190,23.0,99195,Central,Chennai,17.07,2.2,10
CAR11623,Skoda,2020,SUV,Diesel,Manual,2.9,175,22.4,125739,South,Kolkata,19.31,3.31,4
CAR11624,Toyota,2021,Coupe,Diesel,Manual,3.6,197,22.5,55429,Central,Chennai,29.37,2.7,6
CAR11625,Volkswagen,2025,SUV,Petrol,Automatic,4.3,262,15.2,148135,South,Pune,23.28,2.48,6
CAR11626,Jeep,2024,SUV,Diesel,Manual,2.1,118,21.2,73595,East,Pune,29.24,6.64,9
CAR11627,Volkswagen,2024,Convertible,Hybrid,DCT,1.7,115,32.9,133965,North,Pune,28.65,4.9,4
CAR11628,Volkswagen,2019,SUV,Hybrid,CVT,4.9,272,28.8,97697,Central,Delhi,29.52,3.06,4
CAR11629,Audi,2025,SUV,Petrol,Manual,2.1,147,24.9,131565,East,Chennai,73.59,15.23,4
CAR11630,Honda,2025,Hatchback,Petrol,CVT,3.6,169,19.0,176273,Central,Indore,14.26,2.61,3
CAR11631,Volkswagen,2021,Hatchback,Diesel,Automatic,3.6,263,14.9,179006,South,Chennai,17.18,1.68,3
CAR11632,Skoda,2022,Pickup,Petrol,AMT,3.0,178,25.7,107757,South,Mumbai,18.5,2.29,10
CAR11633,Honda,2017,SUV,Diesel,CVT,1.8,120,23.5,173454,East,Mumbai,19.75,2.27,4
CAR11634,Skoda,2024,Sedan,Petrol,Automatic,1.4,70,23.2,127745,Central,Delhi,14.77,1.6,3
CAR11635,Hyundai,2026,SUV,Petrol,Manual,2.8,165,18.1,52048,East,Ahmedabad,20.01,4.29,9
CAR11636,Volkswagen,2021,Hatchback,Hybrid,Manual,2.9,140,25.7,168673,West,Delhi,13.85,1.87,9
CAR11637,Ford,2022,Coupe,Petrol,Automatic,4.0,235,17.5,30392,South,Hyderabad,24.49,2.93,3
CAR11638,Tata,2021,Sedan,Hybrid,DCT,3.8,251,27.2,86936,West,Chennai,14.58,3.0,4
CAR11639,Ford,2017,Coupe,Petrol,Automatic,4.6,274,15.3,31827,West,Delhi,17.05,3.98,10
CAR11640,Mercedes-Benz,2023,SUV,Diesel,Automatic,4.9,241,18.8,142270,Central,Jaipur,91.44,19.5,4
CAR11641,Mahindra,2024,Sedan,Petrol,Manual,3.9,185,19.9,161731,North,Ahmedabad,13.29,1.71,10
CAR11642,Toyota,2026,Hatchback,Electric,CVT,1.1,84,35.0,148286,South,Jaipur,14.83,2.01,7
CAR11643,Hyundai,2026,Coupe,Electric,Automatic,2.5,166,30.9,22910,North,Indore,24.88,2.64,8
CAR11644,Volkswagen,2021,Hatchback,Petrol,AMT,3.4,184,22.3,52390,East,Indore,12.13,2.33,6
CAR11645,Honda,2026,Hatchback,Diesel,AMT,3.3,211,22.6,64525,West,Ahmedabad,15.04,2.21,1
CAR11646,Mercedes-Benz,2022,MUV,Petrol,Manual,1.6,69,23.1,25237,West,Hyderabad,76.28,18.0,10
CAR11647,Audi,2023,Sedan,Diesel,Manual,3.2,192,22.6,97810,West,Pune,68.64,6.85,7
CAR11648,Tata,2023,Sedan,Petrol,Automatic,2.3,110,26.8,10953,West,Kolkata,12.58,1.97,2
CAR11649,Jeep,2026,Sedan,Diesel,Manual,2.2,135,25.0,112353,Central,Mumbai,23.63,3.02,10
CAR11650,Nissan,2024,Coupe,Petrol,AMT,4.3,262,23.8,105572,Central,Chennai,21.85,4.31,4
CAR11651,Ford,2018,Sedan,CNG,CVT,2.6,137,22.2,109253,East,Kolkata,12.28,2.8,5
CAR11652,Toyota,2017,Sedan,Diesel,Manual,3.0,186,20.3,164745,Central,Delhi,16.15,3.72,8
CAR11653,Toyota,2021,Sedan,Diesel,Automatic,3.2,195,26.7,142621,North,Jaipur,17.22,2.03,4
CAR11654,Volkswagen,2022,Sedan,Petrol,Manual,3.2,172,25.1,50446,West,Indore,16.84,3.66,1
CAR11655,Ford,2023,Sedan,Petrol,Manual,1.7,82,27.5,105046,East,Kolkata,15.06,1.75,4
CAR11656,BMW,2021,Hatchback,Petrol,AMT,3.3,221,25.8,145430,Central,Kolkata,46.46,9.3,8
CAR11657,Nissan,2022,Hatchback,CNG,AMT,2.2,136,24.0,153933,East,Jaipur,7.81,1.24,5
CAR11658,Skoda,2026,Sedan,Electric,AMT,3.6,188,35.0,117557,North,Kolkata,25.81,5.18,8
CAR11659,Nissan,2020,Convertible,Petrol,Manual,1.4,61,29.8,19810,West,Pune,16.06,3.73,1
CAR11660,BMW,2021,Hatchback,Hybrid,Automatic,5.0,301,23.0,81059,Central,Hyderabad,53.92,8.55,3
CAR11661,Tata,2022,Sedan,Petrol,Automatic,4.0,223,28.3,155318,North,Bengaluru,12.15,2.25,3
CAR11662,Tata,2021,Pickup,Petrol,DCT,2.6,139,24.3,17925,North,Ahmedabad,14.13,2.47,1
CAR11663,Ford,2026,Pickup,Diesel,Automatic,2.1,118,18.4,108250,West,Mumbai,19.9,2.98,8
CAR11664,Volkswagen,2026,SUV,Petrol,DCT,2.4,165,25.4,99608,East,Bengaluru,27.72,5.35,3
CAR11665,Kia,2022,Sedan,Petrol,Manual,3.8,208,18.7,44013,East,Pune,15.17,2.36,6
CAR11666,Audi,2021,Sedan,Hybrid,Automatic,3.6,228,31.9,65216,North,Ahmedabad,60.04,8.49,11
CAR11667,Maruti Suzuki,2022,Sedan,Petrol,AMT,3.7,235,22.8,176105,East,Indore,8.31,1.88,3
CAR11668,Mahindra,2018,Hatchback,CNG,Automatic,4.5,261,22.4,109236,East,Ahmedabad,7.66,1.44,3
CAR11669,Kia,2021,Sedan,Hybrid,Automatic,2.7,183,35.0,169453,Central,Delhi,14.48,3.28,11
CAR11670,Mahindra,2019,SUV,Electric,Automatic,3.6,223,35.0,87480,South,Jaipur,17.38,4.15,4
CAR11671,Maruti Suzuki,2018,Sedan,Diesel,DCT,2.7,166,21.0,153002,South,Kolkata,6.85,1.59,4
CAR11672,Volkswagen,2017,SUV,Electric,Manual,3.5,243,33.1,113472,North,Delhi,27.42,4.15,8
CAR11673,Mercedes-Benz,2022,Sedan,Petrol,DCT,2.8,179,24.8,164529,East,Hyderabad,59.1,13.44,2
CAR11674,Maruti Suzuki,2017,Sedan,Diesel,Automatic,4.1,248,19.1,62180,West,Mumbai,7.82,0.86,5
CAR11675,Mahindra,2023,MUV,Diesel,Automatic,0.8,60,27.1,71874,South,Kolkata,16.43,2.07,3
CAR11676,Jeep,2021,Convertible,CNG,Automatic,1.7,142,31.0,12076,West,Kolkata,34.81,8.31,10
CAR11677,Ford,2020,Sedan,Petrol,Manual,2.0,97,22.0,44865,Central,Delhi,14.37,2.21,4
CAR11678,Hyundai,2024,SUV,Diesel,DCT,4.8,285,11.8,29239,North,Jaipur,20.35,4.85,7
CAR11679,Skoda,2022,Sedan,Hybrid,CVT,2.9,154,30.8,37008,East,Hyderabad,17.95,4.01,6
CAR11680,Kia,2024,Hatchback,Petrol,DCT,2.3,117,18.5,58966,West,Indore,10.87,1.0,6
CAR11681,Jeep,2024,MUV,Electric,DCT,2.5,88,33.0,157907,North,Kolkata,32.18,5.52,1
CAR11682,Toyota,2017,Hatchback,Petrol,Automatic,2.7,183,18.2,71243,North,Hyderabad,12.3,2.9,3
CAR11683,Toyota,2019,SUV,Petrol,Automatic,4.4,241,14.5,149660,South,Jaipur,24.68,2.78,10
CAR11684,Maruti Suzuki,2022,SUV,Diesel,CVT,4.8,293,19.8,147566,North,Bengaluru,9.89,1.01,7
CAR11685,Audi,2026,Hatchback,Diesel,Manual,4.3,201,19.0,176664,South,Indore,40.13,6.33,10
CAR11686,Kia,2018,Hatchback,Petrol,CVT,4.3,252,18.9,94008,North,Mumbai,10.21,1.37,7
CAR11687,Hyundai,2018,Sedan,Petrol,Automatic,1.6,68,22.2,153444,Central,Indore,11.21,1.38,4
CAR11688,Hyundai,2026,Pickup,Petrol,Automatic,1.9,76,23.5,78399,East,Pune,17.61,2.29,4
CAR11689,Jeep,2026,SUV,Hybrid,Automatic,3.3,211,30.2,115664,South,Hyderabad,39.8,6.6,9
CAR11690,Honda,2018,Sedan,CNG,Automatic,3.6,180,26.2,146912,West,Bengaluru,14.24,1.64,3
CAR11691,Maruti Suzuki,2021,Hatchback,Diesel,Manual,1.7,79,28.4,29899,North,Hyderabad,7.16,1.15,7
CAR11692,Skoda,2023,SUV,Petrol,Automatic,3.9,244,23.5,15066,East,Hyderabad,24.82,4.99,11
CAR11693,Tata,2018,Hatchback,Diesel,Automatic,1.6,108,25.4,33848,West,Indore,8.61,2.06,10
CAR11694,Audi,2020,SUV,Electric,Manual,1.9,109,31.9,131194,Central,Jaipur,60.54,11.27,5
CAR11695,Ford,2020,MUV,Hybrid,Manual,2.1,91,29.7,87897,South,Kolkata,19.46,4.43,4
CAR11696,Mahindra,2023,SUV,Petrol,Automatic,4.4,268,19.1,54000,East,Chennai,19.21,4.43,7
CAR11697,Kia,2020,Sedan,Petrol,Manual,3.9,228,18.3,139364,West,Chennai,13.15,2.23,7
CAR11698,Ford,2021,Hatchback,CNG,CVT,3.0,202,24.6,7639,West,Chennai,11.57,1.14,8
CAR11699,Audi,2019,Hatchback,Electric,Manual,4.2,204,32.1,35323,North,Delhi,53.29,11.95,1
CAR11700,Jeep,2024,SUV,Petrol,Automatic,4.2,248,27.2,87222,Central,Delhi,30.11,5.99,6
CAR11701,BMW,2018,Convertible,Electric,Manual,2.4,161,34.8,165215,South,Ahmedabad,102.32,11.82,1
CAR11702,Ford,2019,Sedan,Petrol,Automatic,4.1,275,20.2,136074,South,Bengaluru,16.53,2.97,11
CAR11703,Mahindra,2019,SUV,Petrol,Automatic,1.7,94,22.0,124663,North,Kolkata,12.63,1.59,10
CAR11704,Ford,2026,SUV,Hybrid,Automatic,2.9,166,33.8,129403,North,Pune,23.4,3.71,9
CAR11705,Skoda,2026,Hatchback,Diesel,Automatic,1.3,81,29.5,59654,South,Pune,11.75,1.76,4
CAR11706,Nissan,2022,Hatchback,Petrol,Automatic,2.6,129,26.2,83375,North,Chennai,9.56,2.06,9
CAR11707,Jeep,2018,Sedan,CNG,Manual,3.0,146,31.9,160007,West,Ahmedabad,18.56,3.47,5
CAR11708,Skoda,2024,SUV,Electric,Automatic,1.1,92,35.0,132676,East,Mumbai,24.86,3.65,8
CAR11709,BMW,2021,SUV,Petrol,Automatic,2.7,212,22.6,109760,South,Kolkata,53.69,12.67,3
CAR11710,BMW,2025,MUV,Diesel,Automatic,3.5,160,26.7,19511,East,Mumbai,84.97,17.99,6
CAR11711,Audi,2020,Convertible,Electric,Automatic,3.4,224,35.0,133302,West,Hyderabad,95.6,17.4,10
CAR11712,Kia,2026,MUV,Diesel,AMT,1.0,41,20.9,68998,North,Delhi,17.19,2.39,3
CAR11713,Skoda,2025,Pickup,CNG,Automatic,1.2,75,33.5,72452,South,Indore,16.82,2.75,5
CAR11714,Maruti Suzuki,2019,MUV,Hybrid,Manual,2.3,166,29.7,122933,Central,Pune,10.96,1.45,4
CAR11715,Tata,2024,Coupe,Petrol,Manual,4.3,280,22.4,73871,North,Bengaluru,20.9,2.74,2
CAR11716,Skoda,2019,Coupe,Petrol,Manual,4.5,275,20.4,105255,Central,Pune,21.23,5.0,5
CAR11717,Tata,2020,MUV,Electric,Automatic,2.1,133,31.7,7208,Central,Chennai,14.39,1.51,7
CAR11718,Audi,2019,Coupe,CNG,CVT,3.8,240,26.7,37377,South,Hyderabad,63.22,7.36,1
CAR11719,Hyundai,2023,Pickup,Petrol,AMT,3.2,189,23.0,99132,South,Mumbai,16.56,3.3,3
CAR11720,Kia,2019,SUV,Petrol,Automatic,4.9,289,19.3,172601,South,Hyderabad,17.78,2.97,9
CAR11721,Honda,2023,SUV,Hybrid,Manual,1.2,113,35.0,138139,East,Mumbai,21.99,4.26,3
CAR11722,Maruti Suzuki,2022,SUV,Petrol,CVT,3.1,161,27.0,78074,South,Mumbai,10.02,1.04,4
CAR11723,Tata,2024,Coupe,Petrol,Manual,3.3,191,23.3,174544,West,Hyderabad,15.28,2.79,8
CAR11724,Mahindra,2026,SUV,CNG,Automatic,2.1,105,30.0,53197,South,Hyderabad,15.46,2.79,9
CAR11725,Volkswagen,2017,Coupe,Electric,CVT,1.0,89,35.0,161139,Central,Bengaluru,20.25,2.09,11
CAR11726,Maruti Suzuki,2026,MUV,CNG,Automatic,1.0,17,35.0,75600,Central,Delhi,10.92,1.64,2
CAR11727,Jeep,2018,Pickup,Hybrid,Manual,2.7,131,33.3,20223,East,Kolkata,27.12,5.95,9
CAR11728,Volkswagen,2022,Sedan,Petrol,Manual,3.7,176,21.7,5433,East,Indore,18.04,2.64,8
CAR11729,Hyundai,2020,SUV,CNG,Automatic,3.7,265,27.4,176591,North,Ahmedabad,14.81,1.79,2
CAR11730,Honda,2023,MUV,Petrol,Manual,1.6,63,26.9,117385,North,Delhi,18.27,3.46,10
CAR11731,Maruti Suzuki,2024,Pickup,Petrol,Automatic,4.4,210,19.5,31159,East,Indore,9.8,1.58,4
CAR11732,Skoda,2025,Pickup,CNG,Automatic,2.4,138,35.0,178596,East,Kolkata,17.72,2.59,5
CAR11733,Mahindra,2021,SUV,Hybrid,Automatic,4.9,337,23.0,12195,South,Hyderabad,19.67,3.21,9
CAR11734,Nissan,2026,SUV,CNG,Manual,1.3,94,35.0,63570,North,Delhi,20.69,1.86,6
CAR11735,Nissan,2020,Hatchback,Petrol,CVT,4.3,236,19.3,136062,Central,Chennai,11.2,1.84,4
CAR11736,Maruti Suzuki,2019,Pickup,CNG,Automatic,4.6,285,19.5,14315,East,Ahmedabad,8.81,1.26,4
CAR11737,Kia,2020,Sedan,Diesel,AMT,4.3,258,19.1,163530,East,Chennai,17.79,2.15,9
CAR11738,Honda,2022,MUV,Hybrid,Automatic,4.2,242,25.3,123655,East,Mumbai,24.48,5.37,3
CAR11739,Toyota,2023,MUV,CNG,Manual,2.3,112,31.2,171212,East,Delhi,16.2,3.78,6
CAR11740,BMW,2025,SUV,Petrol,Automatic,3.8,245,21.2,151519,West,Indore,77.08,7.25,9
CAR11741,Hyundai,2019,Sedan,Hybrid,Automatic,3.2,142,26.3,149370,West,Jaipur,12.87,1.68,10
CAR11742,Maruti Suzuki,2020,Hatchback,Diesel,Automatic,2.6,127,28.2,44812,East,Delhi,6.22,1.13,10
CAR11743,Hyundai,2026,Coupe,Electric,CVT,5.0,346,33.3,40858,North,Indore,26.85,6.37,4
CAR11744,Toyota,2021,SUV,CNG,CVT,2.0,168,35.0,47381,Central,Jaipur,18.79,4.04,3
CAR11745,BMW,2019,Hatchback,Hybrid,AMT,2.5,148,31.7,31950,South,Chennai,43.4,10.35,11
CAR11746,Jeep,2026,SUV,Petrol,Automatic,4.6,230,18.9,121252,North,Pune,35.81,6.46,7
CAR11747,Jeep,2021,Sedan,Petrol,Automatic,2.0,80,27.3,15319,North,Bengaluru,18.11,2.84,5
CAR11748,Audi,2026,Convertible,CNG,Automatic,1.4,60,29.9,79982,West,Bengaluru,84.62,18.27,10
CAR11749,Nissan,2026,Sedan,CNG,Manual,2.1,111,30.4,106844,South,Ahmedabad,11.03,1.59,8
CAR11750,Mahindra,2026,Sedan,CNG,CVT,4.0,189,24.9,99310,North,Bengaluru,12.57,1.22,6
CAR11751,Skoda,2022,Hatchback,Petrol,CVT,4.4,236,15.1,90263,Central,Chennai,13.76,1.26,3
CAR11752,Skoda,2024,SUV,Petrol,Manual,1.3,141,27.3,44039,South,Chennai,21.97,2.53,1
CAR11753,Tata,2026,SUV,Hybrid,CVT,3.4,222,27.5,24124,Central,Mumbai,19.15,3.32,6
CAR11754,Audi,2019,MUV,Hybrid,CVT,3.2,181,28.6,177947,Central,Jaipur,74.22,11.72,2
CAR11755,Tata,2017,SUV,Petrol,Automatic,3.6,198,22.5,86344,North,Pune,13.08,2.15,4
CAR11756,Mercedes-Benz,2020,Sedan,Diesel,CVT,3.6,157,25.2,109110,West,Jaipur,67.09,14.54,8
CAR11757,Audi,2023,Sedan,Petrol,Manual,4.8,233,15.9,104281,West,Hyderabad,53.03,5.93,1
CAR11758,Tata,2022,Sedan,Diesel,Manual,2.3,85,23.5,69562,North,Mumbai,11.0,1.52,11
CAR11759,Volkswagen,2017,Pickup,Petrol,Automatic,2.1,117,22.7,131517,South,Bengaluru,16.4,2.37,5
CAR11760,Volkswagen,2022,Hatchback,Petrol,Automatic,3.2,186,19.8,70837,East,Chennai,11.56,2.39,10
CAR11761,Audi,2018,Pickup,Petrol,Automatic,2.6,119,22.0,77484,North,Indore,63.76,13.84,2
CAR11762,Hyundai,2022,Sedan,CNG,DCT,2.8,158,27.7,145607,West,Bengaluru,13.24,1.44,6
CAR11763,Toyota,2022,Hatchback,Hybrid,Manual,1.1,97,35.0,60711,South,Pune,13.21,2.81,11
CAR11764,Tata,2023,Sedan,CNG,Manual,1.4,126,32.6,127410,Central,Mumbai,9.35,2.14,7
CAR11765,Volkswagen,2021,Hatchback,Diesel,Automatic,4.7,278,15.5,121493,Central,Indore,15.84,2.32,9
CAR11766,Jeep,2021,MUV,Petrol,Manual,1.1,56,31.2,10354,West,Pune,24.29,3.26,8
CAR11767,Kia,2023,SUV,Petrol,AMT,3.3,225,24.9,124739,North,Kolkata,19.98,4.44,9
CAR11768,Kia,2024,Sedan,Diesel,Automatic,4.0,254,17.7,145236,North,Chennai,16.17,3.38,5
CAR11769,Honda,2025,SUV,Petrol,DCT,0.8,19,31.8,52324,North,Chennai,21.28,2.59,5
CAR11770,Ford,2020,SUV,Hybrid,AMT,1.7,156,33.9,165016,East,Bengaluru,23.05,2.32,1
CAR11771,Audi,2021,Pickup,Electric,Manual,2.4,118,35.0,8469,West,Hyderabad,92.85,15.65,3
CAR11772,Audi,2020,Pickup,CNG,Manual,2.9,146,29.1,36452,North,Jaipur,52.47,6.36,1
CAR11773,Audi,2022,SUV,Petrol,Manual,2.2,137,24.6,170495,West,Bengaluru,51.99,9.99,4
CAR11774,Audi,2018,Coupe,Diesel,DCT,3.5,236,23.2,154713,North,Ahmedabad,88.3,11.88,8
CAR11775,Maruti Suzuki,2021,MUV,Petrol,AMT,1.8,71,26.2,137175,South,Hyderabad,10.71,1.68,3
CAR11776,Honda,2018,SUV,Petrol,Automatic,0.9,67,26.8,110691,East,Ahmedabad,16.31,1.85,6
CAR11777,Mercedes-Benz,2022,SUV,Hybrid,Manual,0.8,82,29.0,40193,Central,Ahmedabad,94.11,11.63,7
CAR11778,Ford,2025,Hatchback,Diesel,CVT,2.3,132,26.1,90610,West,Delhi,12.46,2.46,2
CAR11779,Mercedes-Benz,2026,MUV,Hybrid,Manual,2.3,136,30.4,103991,East,Delhi,77.17,16.79,9
CAR11780,Mahindra,2021,Pickup,Petrol,AMT,4.8,256,20.8,20693,North,Indore,14.9,1.77,9
CAR11781,Toyota,2017,Hatchback,CNG,AMT,1.0,72,34.0,109115,South,Mumbai,10.62,2.5,3
CAR11782,Audi,2019,Coupe,CNG,Manual,3.0,226,26.8,20613,West,Hyderabad,72.0,9.95,1
CAR11783,Toyota,2018,Pickup,Diesel,Automatic,3.2,201,25.4,27048,North,Ahmedabad,22.23,3.75,1
CAR11784,Jeep,2024,Sedan,Electric,Manual,3.7,214,33.7,34753,West,Hyderabad,36.51,8.35,4
CAR11785,Mahindra,2026,SUV,Petrol,Automatic,3.5,241,22.1,38539,West,Delhi,20.4,2.79,2
CAR11786,BMW,2022,Pickup,Hybrid,DCT,0.8,66,34.7,19359,West,Delhi,76.99,12.9,1
CAR11787,Ford,2018,Pickup,CNG,AMT,3.5,259,31.7,172423,South,Pune,17.91,1.99,6
CAR11788,Honda,2017,Hatchback,Electric,CVT,2.2,151,34.6,145453,South,Jaipur,12.75,2.66,6
CAR11789,Kia,2026,Sedan,Electric,Automatic,4.0,218,31.4,93901,North,Chennai,19.8,4.75,1
CAR11790,Maruti Suzuki,2020,SUV,Diesel,Manual,1.6,90,22.4,69511,South,Hyderabad,10.18,2.24,7
CAR11791,Volkswagen,2018,Sedan,Electric,AMT,3.8,202,35.0,38502,East,Indore,14.3,2.85,5
CAR11792,Skoda,2018,Sedan,Hybrid,Automatic,3.4,179,27.1,171076,North,Jaipur,16.71,2.38,3
CAR11793,Audi,2019,Hatchback,Petrol,Manual,3.5,205,20.2,144575,East,Hyderabad,40.81,7.57,2
CAR11794,Mercedes-Benz,2023,Hatchback,Petrol,Automatic,1.5,65,24.8,136596,South,Pune,45.56,10.13,9
CAR11795,Kia,2025,SUV,Electric,Automatic,3.6,253,33.5,87350,East,Indore,26.9,2.5,2
CAR11796,BMW,2019,SUV,Diesel,AMT,3.9,205,16.9,9803,South,Ahmedabad,62.79,14.05,3
CAR11797,Jeep,2023,SUV,Diesel,Manual,2.9,144,16.3,116722,Central,Kolkata,25.54,4.77,8
CAR11798,Ford,2017,MUV,CNG,CVT,2.2,118,31.1,90319,South,Pune,15.6,1.69,7
CAR11799,Kia,2017,Sedan,Hybrid,Automatic,1.5,61,27.1,57062,Central,Chennai,13.18,1.87,11
CAR11800,Kia,2017,Sedan,Petrol,Manual,2.0,79,27.8,60141,North,Indore,9.44,1.81,1
CAR11801,Toyota,2026,Hatchback,Petrol,Manual,4.0,204,25.1,15133,North,Delhi,17.86,1.69,3
CAR11802,Kia,2022,Sedan,Diesel,CVT,2.5,118,23.5,157544,North,Bengaluru,15.42,2.54,8
CAR11803,Hyundai,2025,Sedan,Hybrid,Automatic,3.8,209,31.8,33865,East,Chennai,17.26,4.12,3
CAR11804,BMW,2017,Hatchback,Diesel,Automatic,3.9,199,20.6,147296,Central,Bengaluru,39.7,9.49,5
CAR11805,Honda,2017,Hatchback,Diesel,Manual,3.6,185,26.2,175281,North,Hyderabad,9.22,0.91,4
CAR11806,Toyota,2025,Hatchback,Hybrid,AMT,3.6,198,27.0,13046,West,Ahmedabad,17.91,3.54,9
CAR11807,Toyota,2018,SUV,Hybrid,AMT,3.4,237,21.7,114127,West,Jaipur,27.85,3.29,9
CAR11808,Kia,2018,SUV,Electric,Automatic,3.0,227,34.6,16679,South,Hyderabad,16.74,3.91,9
CAR11809,Honda,2022,Pickup,Petrol,DCT,1.6,92,31.3,150439,South,Pune,14.83,3.23,6
CAR11810,Jeep,2023,MUV,Hybrid,Manual,4.3,242,28.3,93756,Central,Hyderabad,37.49,4.18,6
CAR11811,BMW,2019,SUV,Diesel,Manual,4.8,284,16.9,8765,West,Delhi,70.72,6.43,7
CAR11812,Tata,2021,Hatchback,Petrol,Automatic,2.8,166,24.3,140164,South,Ahmedabad,8.68,2.02,1
CAR11813,Mahindra,2023,SUV,Hybrid,AMT,4.7,293,28.6,138955,Central,Delhi,19.51,4.19,7
CAR11814,Kia,2021,Hatchback,Hybrid,Manual,5.0,308,24.7,166861,East,Hyderabad,10.4,1.37,4
CAR11815,Skoda,2020,SUV,Diesel,Automatic,2.8,132,31.2,89866,North,Indore,21.36,3.43,11
CAR11816,Honda,2017,Sedan,Electric,Manual,3.8,203,31.3,168272,Central,Ahmedabad,13.85,2.48,3
CAR11817,BMW,2021,SUV,Petrol,Automatic,3.5,226,24.6,121428,Central,Hyderabad,64.71,13.64,1
CAR11818,BMW,2025,Sedan,Petrol,Automatic,1.8,98,28.0,97048,East,Chennai,42.55,4.18,11
CAR11819,Ford,2023,SUV,Petrol,DCT,1.0,57,25.5,67685,West,Jaipur,20.28,4.34,2
CAR11820,Mercedes-Benz,2025,Coupe,Petrol,Automatic,2.7,151,22.2,56278,South,Jaipur,104.91,21.0,6
CAR11821,Mercedes-Benz,2018,MUV,Hybrid,Automatic,4.1,246,30.2,113652,Central,Chennai,91.05,17.42,5
CAR11822,Maruti Suzuki,2017,SUV,Electric,Automatic,2.2,127,35.0,134418,South,Mumbai,11.31,2.48,3
CAR11823,Mercedes-Benz,2022,SUV,Hybrid,Manual,4.1,207,28.2,11233,South,Hyderabad,75.9,12.11,6
CAR11824,Skoda,2018,Hatchback,Petrol,Manual,3.6,219,16.5,77085,East,Pune,9.96,1.88,9
CAR11825,Maruti Suzuki,2022,MUV,Petrol,DCT,3.7,215,23.1,12978,South,Indore,9.72,1.45,2
CAR11826,Skoda,2026,SUV,Petrol,Manual,2.0,132,26.1,74415,West,Jaipur,19.86,3.67,8
CAR11827,Honda,2020,Sedan,Hybrid,AMT,2.8,131,30.1,144796,West,Bengaluru,15.66,3.48,10
CAR11828,Jeep,2022,Sedan,Petrol,Manual,1.6,85,27.2,125885,East,Bengaluru,22.5,2.45,4
CAR11829,Tata,2023,Pickup,Diesel,CVT,1.8,129,24.5,26781,West,Indore,14.97,2.45,8
CAR11830,Jeep,2018,SUV,Electric,Manual,1.2,51,35.0,130450,East,Chennai,22.03,4.22,11
CAR11831,Audi,2025,SUV,Hybrid,DCT,1.3,57,33.2,7447,Central,Kolkata,83.49,19.83,11
CAR11832,Jeep,2019,SUV,Petrol,AMT,1.7,103,24.5,7168,South,Chennai,25.84,3.88,8
CAR11833,Volkswagen,2025,Sedan,Petrol,Manual,3.2,175,28.9,164679,West,Chennai,15.89,1.95,11
CAR11834,Honda,2023,SUV,Hybrid,AMT,2.7,161,33.3,10726,East,Hyderabad,23.76,3.39,9
CAR11835,Hyundai,2018,Sedan,Diesel,Automatic,1.9,121,22.5,51468,Central,Bengaluru,11.12,1.35,6
CAR11836,Ford,2024,SUV,Petrol,Automatic,4.4,294,25.5,28088,South,Kolkata,22.2,4.81,2
CAR11837,Jeep,2018,SUV,CNG,Manual,3.0,197,26.5,106916,North,Chennai,26.38,2.49,10
CAR11838,Mercedes-Benz,2022,Hatchback,Diesel,AMT,4.7,273,18.8,96397,Central,Mumbai,54.71,11.4,4
CAR11839,BMW,2026,MUV,Diesel,AMT,3.5,199,24.3,151810,Central,Ahmedabad,78.44,15.69,9
CAR11840,Volkswagen,2026,Sedan,Petrol,Automatic,0.9,50,21.9,177740,West,Jaipur,15.89,2.59,8
CAR11841,Hyundai,2025,SUV,Petrol,CVT,4.6,246,18.2,135533,East,Kolkata,18.53,4.43,4
CAR11842,Honda,2021,SUV,Petrol,Manual,4.4,241,17.7,86673,East,Bengaluru,18.36,3.19,9
CAR11843,Nissan,2022,SUV,Petrol,Manual,3.5,184,22.2,13159,West,Pune,15.21,3.2,8
CAR11844,Nissan,2020,SUV,Diesel,Automatic,3.0,186,23.9,166423,West,Hyderabad,18.01,2.3,9
CAR11845,Maruti Suzuki,2026,Pickup,Diesel,Manual,2.7,154,23.3,103166,South,Hyderabad,13.36,1.69,11
CAR11846,Tata,2021,SUV,CNG,Manual,2.8,143,27.9,43056,North,Hyderabad,11.83,1.75,4
CAR11847,Hyundai,2024,MUV,CNG,Automatic,4.0,222,28.6,99814,North,Ahmedabad,14.44,2.55,9
CAR11848,Volkswagen,2020,SUV,Petrol,Manual,3.0,168,23.7,73562,South,Delhi,18.84,3.64,1
CAR11849,Kia,2024,Sedan,Petrol,Manual,1.5,56,26.5,66264,West,Delhi,11.72,1.36,8
CAR11850,Ford,2019,Sedan,Electric,AMT,1.0,39,35.0,84332,East,Delhi,19.8,3.25,2
CAR11851,Honda,2024,SUV,CNG,Automatic,1.3,68,35.0,136873,West,Mumbai,15.77,2.61,3
CAR11852,BMW,2017,Sedan,Electric,CVT,1.9,120,35.0,33668,East,Indore,50.8,11.33,3
CAR11853,Hyundai,2018,Sedan,Petrol,Automatic,2.3,122,22.9,173700,South,Ahmedabad,9.49,1.97,10
CAR11854,Ford,2020,Sedan,Petrol,Automatic,4.5,268,13.5,15923,West,Pune,16.24,3.02,5
CAR11855,Honda,2021,SUV,Petrol,Manual,1.8,113,21.4,30757,West,Pune,16.28,2.2,5
CAR11856,Nissan,2024,Sedan,Electric,AMT,2.1,105,35.0,123338,Central,Delhi,19.66,2.23,4
CAR11857,Audi,2020,Coupe,Diesel,Manual,1.7,175,25.6,30414,Central,Bengaluru,65.33,5.95,7
CAR11858,Volkswagen,2017,SUV,Diesel,Manual,3.1,155,20.9,141089,South,Ahmedabad,15.72,2.76,11
CAR11859,Kia,2020,SUV,Diesel,CVT,3.4,244,22.9,133578,West,Kolkata,19.13,3.29,8
CAR11860,Maruti Suzuki,2021,Hatchback,Petrol,AMT,3.0,206,21.1,80230,South,Hyderabad,6.32,0.79,2
CAR11861,Maruti Suzuki,2022,SUV,Diesel,Automatic,4.8,308,15.7,84522,Central,Ahmedabad,12.2,2.34,6
CAR11862,Mercedes-Benz,2023,Hatchback,Petrol,Manual,5.0,267,19.8,179995,West,Delhi,59.24,9.41,2
CAR11863,Nissan,2019,SUV,Diesel,Manual,4.3,297,23.8,144163,Central,Ahmedabad,17.96,2.49,2
CAR11864,Audi,2023,Sedan,Hybrid,Automatic,4.2,223,23.6,115603,South,Pune,63.71,13.03,3
CAR11865,Nissan,2023,Pickup,Hybrid,AMT,2.3,109,32.2,29688,North,Kolkata,15.61,3.09,8
CAR11866,Hyundai,2024,Sedan,Petrol,Automatic,3.2,166,16.6,108192,North,Kolkata,11.67,2.18,10
CAR11867,Honda,2022,SUV,Electric,Manual,2.3,137,32.1,11975,East,Delhi,20.58,3.16,3
CAR11868,Maruti Suzuki,2025,Sedan,Hybrid,Manual,4.1,202,25.4,49067,Central,Bengaluru,10.59,2.11,11
CAR11869,Toyota,2019,SUV,Petrol,Automatic,1.5,135,29.8,127138,West,Bengaluru,19.36,4.04,3
CAR11870,Maruti Suzuki,2024,SUV,Petrol,AMT,1.7,99,23.6,76334,Central,Jaipur,8.73,1.9,4
CAR11871,Toyota,2017,Sedan,Diesel,Manual,1.0,54,25.2,179074,East,Mumbai,13.49,1.6,2
CAR11872,BMW,2018,Sedan,Petrol,Manual,3.4,151,21.9,169388,Central,Bengaluru,50.39,5.4,1
CAR11873,Tata,2025,Hatchback,Petrol,Manual,3.7,204,21.2,21589,Central,Mumbai,9.58,1.0,7
CAR11874,Jeep,2021,Hatchback,Petrol,Manual,0.8,15,25.7,159600,South,Bengaluru,14.84,1.73,5
CAR11875,Hyundai,2023,Pickup,Petrol,Automatic,2.9,130,29.0,156259,Central,Delhi,13.31,2.92,2
CAR11876,Honda,2023,Sedan,Diesel,Manual,2.4,129,23.4,23573,North,Bengaluru,16.38,3.69,7
CAR11877,BMW,2023,Hatchback,Diesel,Automatic,4.1,252,20.5,72425,East,Ahmedabad,49.64,8.2,4
CAR11878,Skoda,2019,Pickup,Petrol,AMT,1.0,66,26.4,171006,East,Ahmedabad,15.91,2.57,5
CAR11879,Mahindra,2018,Hatchback,Hybrid,DCT,1.0,68,35.0,7938,South,Chennai,11.62,1.51,10
CAR11880,Honda,2017,Sedan,Petrol,DCT,3.4,184,25.5,15260,Central,Ahmedabad,12.1,2.5,5
CAR11881,Audi,2025,SUV,Petrol,Manual,3.3,198,27.1,94253,West,Pune,71.66,7.19,5
CAR11882,BMW,2019,Pickup,Petrol,Manual,4.3,256,17.4,171794,North,Indore,59.16,11.45,8
CAR11883,Ford,2022,SUV,Electric,Automatic,3.3,192,35.0,53799,North,Jaipur,26.89,4.12,10
CAR11884,Nissan,2021,SUV,CNG,AMT,4.8,310,25.1,140245,North,Bengaluru,14.63,1.61,9
CAR11885,Tata,2018,Pickup,Diesel,Manual,2.1,146,27.9,126345,South,Hyderabad,11.99,1.94,6
CAR11886,Ford,2021,Hatchback,Petrol,Automatic,2.5,116,23.7,30557,North,Ahmedabad,14.18,1.8,4
CAR11887,Tata,2017,Pickup,Petrol,Manual,4.9,252,17.7,55370,South,Chennai,12.06,1.54,2
CAR11888,Hyundai,2018,Coupe,Petrol,Manual,1.3,93,29.7,114216,West,Hyderabad,15.99,1.94,2
CAR11889,Toyota,2018,Pickup,Electric,AMT,4.1,189,35.0,89297,Central,Kolkata,17.77,2.1,9
CAR11890,Hyundai,2025,Sedan,Petrol,Automatic,0.8,32,32.8,46529,West,Chennai,10.69,1.94,9
CAR11891,Ford,2022,Hatchback,CNG,Automatic,2.8,187,28.9,40098,East,Mumbai,10.53,1.95,4
CAR11892,BMW,2026,SUV,Diesel,CVT,1.4,76,26.3,102509,West,Delhi,84.67,10.12,11
CAR11893,Skoda,2021,SUV,Diesel,Manual,3.3,240,14.7,149917,Central,Ahmedabad,20.55,3.15,11
CAR11894,Mahindra,2019,SUV,Electric,Manual,4.2,245,27.1,77274,North,Jaipur,17.76,2.64,7
CAR11895,Ford,2023,Pickup,Petrol,Automatic,0.9,102,26.7,166950,Central,Pune,21.08,3.76,3
CAR11896,Nissan,2026,SUV,Electric,Automatic,1.5,90,35.0,121761,West,Bengaluru,23.02,4.83,6
CAR11897,Volkswagen,2022,Sedan,Petrol,Automatic,2.2,117,27.2,75583,South,Delhi,19.79,3.39,10
CAR11898,Skoda,2017,Sedan,Electric,Manual,1.9,82,33.5,128707,East,Pune,15.39,1.46,6
CAR11899,Maruti Suzuki,2020,Hatchback,Diesel,DCT,2.4,115,22.7,83554,East,Mumbai,5.94,1.17,6
CAR11900,Audi,2026,Hatchback,Petrol,Manual,4.8,297,17.1,137419,North,Hyderabad,53.91,10.74,6
CAR11901,Volkswagen,2022,Hatchback,Electric,Automatic,1.2,78,35.0,176969,South,Indore,15.51,3.42,10
CAR11902,Kia,2026,Coupe,Petrol,Automatic,2.6,204,21.9,142878,South,Delhi,21.3,3.57,5
CAR11903,Mahindra,2022,SUV,Petrol,DCT,2.7,141,24.9,29870,North,Hyderabad,15.17,2.98,3
CAR11904,BMW,2017,SUV,Electric,Automatic,2.0,151,35.0,17531,East,Indore,67.03,9.18,6
CAR11905,Mercedes-Benz,2025,Sedan,Diesel,DCT,2.0,86,27.9,146508,East,Chennai,77.99,17.14,7
CAR11906,BMW,2024,SUV,CNG,Manual,3.8,201,28.4,153270,South,Jaipur,57.35,11.64,11
CAR11907,Mercedes-Benz,2024,Coupe,Diesel,Automatic,3.4,228,21.7,104273,North,Jaipur,108.29,24.98,2
CAR11908,Ford,2026,Convertible,Diesel,CVT,4.2,237,14.8,47872,Central,Kolkata,30.63,7.16,11
CAR11909,Toyota,2018,SUV,Petrol,Automatic,2.5,164,23.3,159128,West,Chennai,17.49,2.06,9
CAR11910,Jeep,2026,Coupe,Petrol,Automatic,3.3,234,22.0,83480,East,Pune,37.69,3.92,8
CAR11911,Honda,2019,SUV,CNG,DCT,4.6,300,24.8,56174,West,Pune,17.13,2.15,3
CAR11912,Skoda,2026,SUV,Petrol,Manual,4.4,304,17.2,69093,South,Kolkata,24.34,2.68,3
CAR11913,Toyota,2018,Convertible,Diesel,Automatic,4.7,229,22.1,56827,South,Mumbai,26.04,5.91,5
CAR11914,Maruti Suzuki,2022,Sedan,Petrol,CVT,1.9,142,25.5,54418,West,Ahmedabad,7.78,0.82,3
CAR11915,Mercedes-Benz,2024,Sedan,Petrol,CVT,4.9,317,15.5,62018,West,Bengaluru,85.78,14.59,8
CAR11916,Kia,2017,Sedan,Diesel,DCT,4.2,222,18.5,122981,West,Mumbai,13.66,1.7,9
CAR11917,Mercedes-Benz,2017,SUV,Electric,CVT,4.1,209,35.0,7910,East,Delhi,86.5,12.77,6
CAR11918,Kia,2025,SUV,Electric,Manual,3.6,188,35.0,68505,North,Kolkata,24.72,4.64,8
CAR11919,Hyundai,2017,SUV,Electric,DCT,4.9,283,33.4,34731,West,Mumbai,16.79,3.36,9
CAR11920,Kia,2023,SUV,Petrol,Automatic,2.7,224,20.4,118424,West,Chennai,17.87,3.97,11
CAR11921,Audi,2026,Sedan,Diesel,Automatic,3.9,215,18.6,179052,East,Bengaluru,64.58,11.5,8
CAR11922,Volkswagen,2023,Convertible,Petrol,Automatic,3.7,188,19.1,142870,South,Kolkata,25.61,4.25,3
CAR11923,Nissan,2021,Sedan,Hybrid,CVT,3.9,197,28.2,48566,Central,Ahmedabad,12.61,1.17,2
CAR11924,Hyundai,2021,Pickup,Petrol,Automatic,4.0,187,19.9,94806,South,Kolkata,13.81,3.24,11
CAR11925,Audi,2023,Sedan,Diesel,CVT,1.6,110,24.7,8485,South,Hyderabad,53.33,8.08,9
CAR11926,Honda,2022,SUV,Petrol,Manual,2.3,149,23.4,77259,West,Mumbai,17.85,2.88,10
CAR11927,Audi,2022,SUV,Electric,Manual,2.4,209,33.9,53744,East,Mumbai,92.24,21.82,5
CAR11928,Honda,2018,Coupe,Electric,Automatic,3.9,265,32.1,92805,East,Indore,18.55,3.53,2
CAR11929,Ford,2023,Hatchback,CNG,Manual,3.8,230,29.2,76468,West,Pune,12.97,2.29,7
CAR11930,Jeep,2024,Pickup,Petrol,AMT,4.3,230,15.1,124464,South,Delhi,32.59,5.41,8
CAR11931,Honda,2024,SUV,CNG,Manual,4.1,223,26.2,100862,North,Hyderabad,17.83,3.65,3
CAR11932,Kia,2017,SUV,Petrol,Automatic,3.3,185,26.2,169306,North,Delhi,15.48,3.64,6
CAR11933,Nissan,2024,SUV,Petrol,Manual,1.4,68,26.1,16999,Central,Delhi,16.77,3.29,5
CAR11934,Jeep,2024,Hatchback,Petrol,Manual,3.5,215,20.0,170301,East,Chennai,19.11,2.19,3
CAR11935,Ford,2018,SUV,Petrol,Automatic,4.5,263,22.0,143325,East,Pune,18.26,2.17,9
CAR11936,Ford,2025,Sedan,Diesel,Manual,3.5,216,18.6,129755,South,Pune,16.72,3.56,6
CAR11937,Audi,2022,Sedan,Petrol,Manual,4.6,256,18.9,149462,West,Ahmedabad,66.13,9.46,11
CAR11938,Volkswagen,2021,SUV,Petrol,Manual,5.0,293,14.9,13817,Central,Mumbai,24.51,2.49,1
CAR11939,Jeep,2024,SUV,Hybrid,Manual,2.3,122,25.9,42303,West,Mumbai,34.59,7.41,11
CAR11940,BMW,2022,Hatchback,Electric,Automatic,3.8,217,32.4,5140,East,Hyderabad,55.87,12.33,8
CAR11941,Ford,2022,Hatchback,Hybrid,Manual,3.1,165,25.8,144723,East,Jaipur,14.18,3.36,8
CAR11942,BMW,2020,Hatchback,Diesel,Automatic,2.7,171,23.5,67057,Central,Ahmedabad,46.14,9.88,4
CAR11943,Skoda,2026,Hatchback,Petrol,AMT,1.8,81,29.0,68249,Central,Pune,9.19,1.08,1
CAR11944,Toyota,2026,SUV,Electric,Automatic,1.8,139,35.0,111865,South,Delhi,27.08,3.19,3
CAR11945,Audi,2018,Hatchback,Petrol,Automatic,1.6,129,26.4,79044,Central,Jaipur,31.09,4.94,5
CAR11946,Honda,2024,Convertible,Petrol,Manual,3.5,199,24.7,116515,Central,Indore,27.92,5.3,4
CAR11947,Ford,2017,Sedan,Petrol,DCT,1.4,97,27.8,168867,Central,Hyderabad,13.43,1.6,3
CAR11948,Skoda,2020,Hatchback,Hybrid,Automatic,2.6,157,29.6,63112,North,Chennai,10.79,2.27,1
CAR11949,Toyota,2026,Convertible,Petrol,Manual,3.0,212,17.0,161083,North,Pune,30.41,6.66,8
CAR11950,Mercedes-Benz,2018,Sedan,Hybrid,CVT,2.6,152,35.0,98167,South,Pune,65.22,14.78,8
CAR11951,Skoda,2020,SUV,Petrol,Automatic,4.4,284,16.3,70644,West,Indore,20.33,2.28,2
CAR11952,Tata,2019,Pickup,Diesel,Automatic,2.7,148,27.7,165849,North,Mumbai,13.41,1.78,9
CAR11953,Honda,2024,Pickup,Diesel,CVT,1.1,41,29.0,90419,North,Hyderabad,21.42,3.13,11
CAR11954,Hyundai,2021,SUV,Petrol,Manual,5.0,270,15.1,27354,North,Ahmedabad,14.78,1.93,11
CAR11955,Jeep,2022,Hatchback,Diesel,CVT,4.3,268,20.6,55141,North,Chennai,22.1,4.83,3
CAR11956,Hyundai,2026,SUV,Diesel,Automatic,3.6,198,27.8,152965,Central,Jaipur,20.62,3.76,5
CAR11957,Kia,2022,Pickup,Diesel,Automatic,4.0,239,25.0,95200,West,Delhi,19.62,2.31,1
CAR11958,Kia,2024,Pickup,Petrol,Manual,1.3,82,25.3,103004,West,Mumbai,16.01,1.64,1
CAR11959,Tata,2017,Hatchback,Hybrid,Manual,4.0,243,25.3,124333,South,Ahmedabad,9.29,1.51,10
CAR11960,Ford,2019,Sedan,Petrol,DCT,1.7,81,26.2,39031,West,Mumbai,12.62,2.8,11
CAR11961,Nissan,2026,Sedan,Petrol,Manual,2.9,140,22.5,21216,West,Kolkata,14.17,1.32,3
CAR11962,Jeep,2025,Hatchback,Petrol,Manual,1.5,92,30.0,82069,East,Bengaluru,19.05,3.44,6
CAR11963,Ford,2023,SUV,Diesel,AMT,4.0,238,22.6,165972,Central,Pune,22.29,4.28,1
CAR11964,Nissan,2020,Sedan,Petrol,AMT,1.8,68,20.6,27250,East,Delhi,10.84,2.41,9
CAR11965,Nissan,2018,Sedan,Hybrid,Manual,1.9,153,33.8,130802,South,Chennai,14.96,3.56,7
CAR11966,Maruti Suzuki,2025,Hatchback,Petrol,CVT,1.3,52,26.3,176360,West,Indore,6.34,0.95,4
CAR11967,Audi,2024,SUV,Electric,Automatic,3.8,209,33.0,21931,Central,Chennai,81.84,12.12,11
CAR11968,Kia,2019,Hatchback,Petrol,CVT,2.0,104,25.9,28298,Central,Hyderabad,8.61,1.76,2
CAR11969,Nissan,2022,SUV,Diesel,Manual,3.0,221,26.4,157073,East,Indore,19.85,4.28,3
CAR11970,Ford,2023,Hatchback,Electric,Manual,2.2,67,35.0,23988,East,Pune,14.34,2.31,9
CAR11971,Nissan,2021,Pickup,Petrol,Automatic,4.1,255,17.9,135144,Central,Ahmedabad,15.29,2.67,5
CAR11972,Skoda,2026,Hatchback,Petrol,Manual,1.8,76,25.5,144516,West,Indore,13.27,2.58,8
CAR11973,Mahindra,2018,SUV,Diesel,Automatic,4.8,296,17.1,59797,East,Pune,15.54,3.22,3
CAR11974,Audi,2019,Hatchback,CNG,Manual,2.1,99,24.9,56041,South,Jaipur,30.23,3.36,8
CAR11975,Volkswagen,2017,Hatchback,CNG,AMT,1.2,116,31.8,96250,Central,Hyderabad,8.68,0.8,7
CAR11976,Toyota,2023,Sedan,Petrol,CVT,1.8,102,31.2,93644,Central,Jaipur,17.14,3.2,1
CAR11977,Skoda,2023,Hatchback,Hybrid,CVT,1.1,43,29.2,155522,North,Pune,11.64,1.57,4
CAR11978,Audi,2026,Hatchback,Petrol,DCT,2.8,146,23.2,108664,North,Chennai,48.41,5.33,4
CAR11979,Toyota,2022,SUV,Petrol,CVT,1.9,132,25.3,174421,North,Hyderabad,21.23,5.01,7
CAR11980,Maruti Suzuki,2018,SUV,Hybrid,Automatic,4.5,277,27.1,46986,South,Chennai,10.61,1.1,5
CAR11981,Tata,2021,Hatchback,Diesel,Automatic,3.0,176,19.9,54188,North,Chennai,10.44,1.72,6
CAR11982,Tata,2017,SUV,Diesel,CVT,1.8,124,21.4,47186,Central,Bengaluru,11.31,1.77,2
CAR11983,Toyota,2023,SUV,Electric,DCT,2.7,139,31.4,118847,Central,Kolkata,25.2,4.01,11
CAR11984,Maruti Suzuki,2023,Sedan,Petrol,DCT,1.6,79,30.2,10863,North,Chennai,6.75,1.37,9
CAR11985,Tata,2025,Sedan,Hybrid,AMT,1.6,103,30.2,155543,Central,Pune,16.33,2.0,8
CAR11986,Maruti Suzuki,2020,Hatchback,Petrol,Manual,2.1,99,23.5,140069,North,Chennai,6.55,0.85,4
CAR11987,Nissan,2020,Sedan,Petrol,DCT,1.3,88,33.2,177929,West,Kolkata,9.75,2.2,8
CAR11988,BMW,2017,SUV,Petrol,DCT,1.6,114,24.0,172730,South,Mumbai,50.9,7.92,3
CAR11989,BMW,2021,Pickup,CNG,Automatic,4.7,253,24.7,17375,North,Chennai,59.05,5.7,6
CAR11990,Skoda,2021,Pickup,Diesel,CVT,3.6,228,24.6,135845,East,Chennai,18.11,1.98,3
CAR11991,Kia,2024,Pickup,Petrol,Automatic,4.7,215,21.8,93133,Central,Indore,17.67,2.58,4
CAR11992,Hyundai,2024,SUV,Hybrid,DCT,1.9,113,28.4,133712,Central,Kolkata,19.89,4.18,8
CAR11993,Mercedes-Benz,2018,Hatchback,CNG,Manual,4.4,273,22.3,157891,North,Delhi,41.79,7.85,4
CAR11994,Tata,2019,Sedan,CNG,CVT,2.3,172,30.4,107055,Central,Chennai,8.58,1.87,9
CAR11995,Maruti Suzuki,2022,Sedan,Diesel,Manual,1.4,134,32.4,5552,South,Ahmedabad,8.83,1.03,6
CAR11996,Toyota,2020,Hatchback,Petrol,Automatic,4.2,232,17.6,156332,East,Mumbai,11.48,1.41,11
CAR11997,Volkswagen,2017,Hatchback,Diesel,Manual,1.1,72,25.9,81516,North,Mumbai,11.18,1.16,3
CAR11998,Jeep,2025,SUV,Electric,Automatic,2.5,183,35.0,85281,Central,Chennai,35.13,8.1,11
CAR11999,Mercedes-Benz,2024,Sedan,Electric,Manual,4.2,263,33.8,107234,West,Chennai,91.95,8.76,2
CAR12000,Mercedes-Benz,2022,Hatchback,Electric,DCT,3.4,195,35.0,164531,West,Kolkata,57.8,5.49,7
